assigned_resource,created_at,display_detail_zh,display_name_zh,eligible_resources,estimated_duration,failure_reason,finished_at,motion_constraints,nest_id,order_id,payload,predecessors,priority,ready_at,recovery_for,required_tool,required_zones,reservation_id,retry_count,retry_limit,route_phase,sequence_index,started_at,station_capabilities,station_id,status,status_zh,successors,task_id,task_type,tray_id,unit_id
EMPTY_TRAY_INDEXER,0.0,工件1,空托盘补位,"[""EMPTY_TRAY_INDEXER""]",2.0,,2.000000000000001,{},NEST_A,ORDER_003,"{""module_name"": ""comb_insert_15mm""}",[],10,0.0,,,"[""ZONE_TABLE2_ASSEMBLY"", ""ZONE_CHANGEOVER_GANTRY""]",,0,0,CHANGEOVER,28,0.0,[],TABLE2_ASSEMBLY,SUCCEEDED,已完成,"[""ORDER_003_U01_REMOVE_PRESS""]",ORDER_003_U01_INDEX_TRAY,INDEX_EMPTY_TRAY,tray_01,ORDER_003_UNIT_01
MATERIAL_INDEXER,0.0,工件1,索引订单物料盒,"[""MATERIAL_INDEXER""]",1.5,,1.5000000000000007,{},,ORDER_003,"{""product_id"": ""PRODUCT_C""}",[],10,0.0,,,"[""ZONE_MATERIAL_INDEXER""]",,0,0,,35,0.0,[],,SUCCEEDED,已完成,"[""ORDER_003_U01_PICK_BASE""]",ORDER_003_U01_INDEX_MATERIAL,INDEX_MATERIAL_KIT,tray_01,ORDER_003_UNIT_01
EMPTY_TRAY_INDEXER,0.0,工件1,空托盘补位,"[""EMPTY_TRAY_INDEXER""]",2.0,,18.60000000000013,{},NEST_A,ORDER_001,"{""module_name"": ""comb_insert_20mm""}",[],5,0.0,,,"[""ZONE_TABLE2_ASSEMBLY"", ""ZONE_CHANGEOVER_GANTRY""]",,0,0,CHANGEOVER,47,16.6000000000001,[],TABLE2_ASSEMBLY,SUCCEEDED,已完成,"[""ORDER_001_U01_REMOVE_PRESS""]",ORDER_001_U01_INDEX_TRAY,INDEX_EMPTY_TRAY,tray_01,ORDER_001_UNIT_01
MATERIAL_INDEXER,0.0,工件1,索引订单物料盒,"[""MATERIAL_INDEXER""]",1.5,,3.049999999999997,{},,ORDER_001,"{""product_id"": ""PRODUCT_A""}",[],5,0.0,,,"[""ZONE_MATERIAL_INDEXER""]",,0,0,,54,1.5000000000000007,[],,SUCCEEDED,已完成,"[""ORDER_001_U01_PICK_BASE""]",ORDER_001_U01_INDEX_MATERIAL,INDEX_MATERIAL_KIT,tray_01,ORDER_001_UNIT_01
EMPTY_TRAY_INDEXER,0.0,工件1,空托盘补位,"[""EMPTY_TRAY_INDEXER""]",2.0,,557.150000000041,{},NEST_A,ORDER_002,"{""module_name"": ""comb_insert_30mm""}",[],3,555.1000000000429,,,"[""ZONE_TABLE2_ASSEMBLY"", ""ZONE_CHANGEOVER_GANTRY""]",,0,0,CHANGEOVER,64,555.1000000000429,[],TABLE2_ASSEMBLY,SUCCEEDED,已完成,"[""ORDER_002_U01_REMOVE_PRESS""]",ORDER_002_U01_INDEX_TRAY,INDEX_EMPTY_TRAY,tray_01,ORDER_002_UNIT_01
MATERIAL_INDEXER,0.0,工件1,索引订单物料盒,"[""MATERIAL_INDEXER""]",1.5,,556.6500000000415,{},,ORDER_002,"{""product_id"": ""PRODUCT_B""}",[],3,555.1000000000429,,,"[""ZONE_MATERIAL_INDEXER""]",,0,0,,71,555.1000000000429,[],,SUCCEEDED,已完成,"[""ORDER_002_U01_PICK_BASE""]",ORDER_002_U01_INDEX_MATERIAL,INDEX_MATERIAL_KIT,tray_01,ORDER_002_UNIT_01
CHANGEOVER_GANTRY,0.0,工件1,拆除旧压梁,"[""CHANGEOVER_GANTRY""]",2.5,,4.549999999999992,{},NEST_A,ORDER_003,"{""module_name"": ""comb_insert_15mm""}","[""ORDER_003_U01_INDEX_TRAY""]",10,2.000000000000001,,,"[""ZONE_TABLE2_ASSEMBLY"", ""ZONE_CHANGEOVER_GANTRY""]",,0,0,CHANGEOVER,29,2.000000000000001,[],TABLE2_ASSEMBLY,SUCCEEDED,已完成,"[""ORDER_003_U01_REMOVE_COMB""]",ORDER_003_U01_REMOVE_PRESS,REMOVE_OLD_PRESS,tray_01,ORDER_003_UNIT_01
CHANGEOVER_GANTRY,0.0,工件1,拆除旧压梁,"[""CHANGEOVER_GANTRY""]",2.5,,21.100000000000165,{},NEST_A,ORDER_001,"{""module_name"": ""comb_insert_20mm""}","[""ORDER_001_U01_INDEX_TRAY""]",5,18.60000000000013,,,"[""ZONE_TABLE2_ASSEMBLY"", ""ZONE_CHANGEOVER_GANTRY""]",,0,0,CHANGEOVER,48,18.60000000000013,[],TABLE2_ASSEMBLY,SUCCEEDED,已完成,"[""ORDER_001_U01_REMOVE_COMB""]",ORDER_001_U01_REMOVE_PRESS,REMOVE_OLD_PRESS,tray_01,ORDER_001_UNIT_01
CHANGEOVER_GANTRY,0.0,工件1,拆除旧压梁,"[""CHANGEOVER_GANTRY""]",2.5,,559.7000000000387,{},NEST_A,ORDER_002,"{""module_name"": ""comb_insert_30mm""}","[""ORDER_002_U01_INDEX_TRAY""]",3,557.150000000041,,,"[""ZONE_TABLE2_ASSEMBLY"", ""ZONE_CHANGEOVER_GANTRY""]",,0,0,CHANGEOVER,65,557.150000000041,[],TABLE2_ASSEMBLY,SUCCEEDED,已完成,"[""ORDER_002_U01_REMOVE_COMB""]",ORDER_002_U01_REMOVE_PRESS,REMOVE_OLD_PRESS,tray_01,ORDER_002_UNIT_01
CHANGEOVER_GANTRY,0.0,工件1,拆除旧梳齿,"[""CHANGEOVER_GANTRY""]",3.0,,7.599999999999981,{},NEST_A,ORDER_003,"{""module_name"": ""comb_insert_15mm""}","[""ORDER_003_U01_REMOVE_PRESS""]",10,4.549999999999992,,,"[""ZONE_TABLE2_ASSEMBLY"", ""ZONE_CHANGEOVER_GANTRY""]",,0,0,CHANGEOVER,30,4.549999999999992,[],TABLE2_ASSEMBLY,SUCCEEDED,已完成,"[""ORDER_003_U01_REMOVE_MOLD""]",ORDER_003_U01_REMOVE_COMB,REMOVE_OLD_COMB,tray_01,ORDER_003_UNIT_01
CHANGEOVER_GANTRY,0.0,工件1,拆除旧梳齿,"[""CHANGEOVER_GANTRY""]",3.0,,24.100000000000207,{},NEST_A,ORDER_001,"{""module_name"": ""comb_insert_20mm""}","[""ORDER_001_U01_REMOVE_PRESS""]",5,21.100000000000165,,,"[""ZONE_TABLE2_ASSEMBLY"", ""ZONE_CHANGEOVER_GANTRY""]",,0,0,CHANGEOVER,49,21.100000000000165,[],TABLE2_ASSEMBLY,SUCCEEDED,已完成,"[""ORDER_001_U01_REMOVE_MOLD""]",ORDER_001_U01_REMOVE_COMB,REMOVE_OLD_COMB,tray_01,ORDER_001_UNIT_01
CHANGEOVER_GANTRY,0.0,工件1,拆除旧梳齿,"[""CHANGEOVER_GANTRY""]",3.0,,562.7500000000359,{},NEST_A,ORDER_002,"{""module_name"": ""comb_insert_30mm""}","[""ORDER_002_U01_REMOVE_PRESS""]",3,559.7000000000387,,,"[""ZONE_TABLE2_ASSEMBLY"", ""ZONE_CHANGEOVER_GANTRY""]",,0,0,CHANGEOVER,66,559.7000000000387,[],TABLE2_ASSEMBLY,SUCCEEDED,已完成,"[""ORDER_002_U01_REMOVE_MOLD""]",ORDER_002_U01_REMOVE_COMB,REMOVE_OLD_COMB,tray_01,ORDER_002_UNIT_01
CHANGEOVER_GANTRY,0.0,工件1,拆除旧托盘模具,"[""CHANGEOVER_GANTRY""]",3.0,,10.600000000000016,{},NEST_A,ORDER_003,"{""module_name"": ""comb_insert_15mm""}","[""ORDER_003_U01_REMOVE_COMB""]",10,7.599999999999981,,,"[""ZONE_TABLE2_ASSEMBLY"", ""ZONE_CHANGEOVER_GANTRY""]",,0,0,CHANGEOVER,31,7.599999999999981,[],TABLE2_ASSEMBLY,SUCCEEDED,已完成,"[""ORDER_003_U01_FETCH_MOLD""]",ORDER_003_U01_REMOVE_MOLD,REMOVE_OLD_MOLD,tray_01,ORDER_003_UNIT_01
CHANGEOVER_GANTRY,0.0,工件1,拆除旧托盘模具,"[""CHANGEOVER_GANTRY""]",3.0,,27.10000000000025,{},NEST_A,ORDER_001,"{""module_name"": ""comb_insert_20mm""}","[""ORDER_001_U01_REMOVE_COMB""]",5,24.100000000000207,,,"[""ZONE_TABLE2_ASSEMBLY"", ""ZONE_CHANGEOVER_GANTRY""]",,0,0,CHANGEOVER,50,24.100000000000207,[],TABLE2_ASSEMBLY,SUCCEEDED,已完成,"[""ORDER_001_U01_FETCH_MOLD""]",ORDER_001_U01_REMOVE_MOLD,REMOVE_OLD_MOLD,tray_01,ORDER_001_UNIT_01
CHANGEOVER_GANTRY,0.0,工件1,拆除旧托盘模具,"[""CHANGEOVER_GANTRY""]",3.0,,565.8000000000332,{},NEST_A,ORDER_002,"{""module_name"": ""comb_insert_30mm""}","[""ORDER_002_U01_REMOVE_COMB""]",3,562.7500000000359,,,"[""ZONE_TABLE2_ASSEMBLY"", ""ZONE_CHANGEOVER_GANTRY""]",,0,0,CHANGEOVER,67,562.7500000000359,[],TABLE2_ASSEMBLY,SUCCEEDED,已完成,"[""ORDER_002_U01_FETCH_MOLD""]",ORDER_002_U01_REMOVE_MOLD,REMOVE_OLD_MOLD,tray_01,ORDER_002_UNIT_01
CHANGEOVER_GANTRY,0.0,工件1 · comb_insert_15mm,龙门取出目标模具,"[""CHANGEOVER_GANTRY""]",2.5,,13.100000000000051,{},NEST_A,ORDER_003,"{""module_name"": ""comb_insert_15mm""}","[""ORDER_003_U01_REMOVE_MOLD""]",10,10.600000000000016,,,"[""ZONE_TABLE2_ASSEMBLY"", ""ZONE_CHANGEOVER_GANTRY""]",,0,0,CHANGEOVER,32,10.600000000000016,[],TABLE2_ASSEMBLY,SUCCEEDED,已完成,"[""ORDER_003_U01_INSTALL_MOLD""]",ORDER_003_U01_FETCH_MOLD,FETCH_MOLD,tray_01,ORDER_003_UNIT_01
CHANGEOVER_GANTRY,0.0,工件1 · comb_insert_20mm,龙门取出目标模具,"[""CHANGEOVER_GANTRY""]",2.5,,29.600000000000286,{},NEST_A,ORDER_001,"{""module_name"": ""comb_insert_20mm""}","[""ORDER_001_U01_REMOVE_MOLD""]",5,27.10000000000025,,,"[""ZONE_TABLE2_ASSEMBLY"", ""ZONE_CHANGEOVER_GANTRY""]",,0,0,CHANGEOVER,51,27.10000000000025,[],TABLE2_ASSEMBLY,SUCCEEDED,已完成,"[""ORDER_001_U01_INSTALL_MOLD""]",ORDER_001_U01_FETCH_MOLD,FETCH_MOLD,tray_01,ORDER_001_UNIT_01
CHANGEOVER_GANTRY,0.0,工件1 · comb_insert_30mm,龙门取出目标模具,"[""CHANGEOVER_GANTRY""]",2.5,,568.3500000000308,{},NEST_A,ORDER_002,"{""module_name"": ""comb_insert_30mm""}","[""ORDER_002_U01_REMOVE_MOLD""]",3,565.8000000000332,,,"[""ZONE_TABLE2_ASSEMBLY"", ""ZONE_CHANGEOVER_GANTRY""]",,0,0,CHANGEOVER,68,565.8000000000332,[],TABLE2_ASSEMBLY,SUCCEEDED,已完成,"[""ORDER_002_U01_INSTALL_MOLD""]",ORDER_002_U01_FETCH_MOLD,FETCH_MOLD,tray_01,ORDER_002_UNIT_01
CHANGEOVER_GANTRY,0.0,工件1 · comb_insert_15mm,安装低矮托盘模具,"[""CHANGEOVER_GANTRY""]",3.0,,16.100000000000094,{},NEST_A,ORDER_003,"{""module_name"": ""comb_insert_15mm""}","[""ORDER_003_U01_FETCH_MOLD""]",10,13.100000000000051,,,"[""ZONE_TABLE2_ASSEMBLY"", ""ZONE_CHANGEOVER_GANTRY""]",,0,0,CHANGEOVER,33,13.100000000000051,[],TABLE2_ASSEMBLY,SUCCEEDED,已完成,"[""ORDER_003_U01_VERIFY_MOLD""]",ORDER_003_U01_INSTALL_MOLD,INSTALL_MOLD,tray_01,ORDER_003_UNIT_01
CHANGEOVER_GANTRY,0.0,工件1 · comb_insert_20mm,安装低矮托盘模具,"[""CHANGEOVER_GANTRY""]",3.0,,32.600000000000286,{},NEST_A,ORDER_001,"{""module_name"": ""comb_insert_20mm""}","[""ORDER_001_U01_FETCH_MOLD""]",5,29.600000000000286,,,"[""ZONE_TABLE2_ASSEMBLY"", ""ZONE_CHANGEOVER_GANTRY""]",,0,0,CHANGEOVER,52,29.600000000000286,[],TABLE2_ASSEMBLY,SUCCEEDED,已完成,"[""ORDER_001_U01_VERIFY_MOLD""]",ORDER_001_U01_INSTALL_MOLD,INSTALL_MOLD,tray_01,ORDER_001_UNIT_01
CHANGEOVER_GANTRY,0.0,工件1 · comb_insert_30mm,安装低矮托盘模具,"[""CHANGEOVER_GANTRY""]",3.0,,571.4000000000281,{},NEST_A,ORDER_002,"{""module_name"": ""comb_insert_30mm""}","[""ORDER_002_U01_FETCH_MOLD""]",3,568.3500000000308,,,"[""ZONE_TABLE2_ASSEMBLY"", ""ZONE_CHANGEOVER_GANTRY""]",,0,0,CHANGEOVER,69,568.3500000000308,[],TABLE2_ASSEMBLY,SUCCEEDED,已完成,"[""ORDER_002_U01_VERIFY_MOLD""]",ORDER_002_U01_INSTALL_MOLD,INSTALL_MOLD,tray_01,ORDER_002_UNIT_01
CHANGEOVER_GANTRY,0.0,工件1 · comb_insert_15mm,验证模具定位锁销,"[""CHANGEOVER_GANTRY""]",0.5,,16.6000000000001,{},NEST_A,ORDER_003,"{""module_name"": ""comb_insert_15mm""}","[""ORDER_003_U01_INSTALL_MOLD""]",10,16.100000000000094,,,"[""ZONE_TABLE2_ASSEMBLY"", ""ZONE_CHANGEOVER_GANTRY""]",,0,0,CHANGEOVER,34,16.100000000000094,[],TABLE2_ASSEMBLY,SUCCEEDED,已完成,"[""ORDER_003_U01_PICK_BASE""]",ORDER_003_U01_VERIFY_MOLD,VERIFY_MOLD,tray_01,ORDER_003_UNIT_01
CHANGEOVER_GANTRY,0.0,工件1 · comb_insert_20mm,验证模具定位锁销,"[""CHANGEOVER_GANTRY""]",0.5,,33.150000000000254,{},NEST_A,ORDER_001,"{""module_name"": ""comb_insert_20mm""}","[""ORDER_001_U01_INSTALL_MOLD""]",5,32.600000000000286,,,"[""ZONE_TABLE2_ASSEMBLY"", ""ZONE_CHANGEOVER_GANTRY""]",,0,0,CHANGEOVER,53,32.600000000000286,[],TABLE2_ASSEMBLY,SUCCEEDED,已完成,"[""ORDER_001_U01_PICK_BASE""]",ORDER_001_U01_VERIFY_MOLD,VERIFY_MOLD,tray_01,ORDER_001_UNIT_01
CHANGEOVER_GANTRY,0.0,工件1 · comb_insert_30mm,验证模具定位锁销,"[""CHANGEOVER_GANTRY""]",0.5,,571.9500000000276,{},NEST_A,ORDER_002,"{""module_name"": ""comb_insert_30mm""}","[""ORDER_002_U01_INSTALL_MOLD""]",3,571.4000000000281,,,"[""ZONE_TABLE2_ASSEMBLY"", ""ZONE_CHANGEOVER_GANTRY""]",,0,0,CHANGEOVER,70,571.4000000000281,[],TABLE2_ASSEMBLY,SUCCEEDED,已完成,"[""ORDER_002_U01_PICK_BASE""]",ORDER_002_U01_VERIFY_MOLD,VERIFY_MOLD,tray_01,ORDER_002_UNIT_01
ARM1,0.0,工件1,吸取基板,"[""ARM1""]",12.0,,28.60000000000027,"{""minimum_clearance_m"": 0.04, ""sample_interval_m"": 0.01, ""time_sample_s"": 0.02, ""lock_joint_indices"": [6]}",NEST_A,ORDER_003,{},"[""ORDER_003_U01_VERIFY_MOLD"", ""ORDER_003_U01_INDEX_MATERIAL""]",10,16.6000000000001,,vacuum_gripper,"[""ZONE_TABLE1""]",RES-000001-MOTION-ORDER_003_U01_PICK_BASE,0,1,MOLD_READY,1,16.6000000000001,[],,SUCCEEDED,已完成,"[""ORDER_003_U01_PLACE_BASE""]",ORDER_003_U01_PICK_BASE,PICK_BASE_PLATE,tray_01,ORDER_003_UNIT_01
ARM1,0.0,工件1,吸取基板,"[""ARM1""]",12.0,,67.34999999999832,"{""minimum_clearance_m"": 0.04, ""sample_interval_m"": 0.01, ""time_sample_s"": 0.02, ""lock_joint_indices"": [6]}",NEST_A,ORDER_001,{},"[""ORDER_001_U01_VERIFY_MOLD"", ""ORDER_001_U01_INDEX_MATERIAL""]",5,33.150000000000254,,vacuum_gripper,"[""ZONE_TABLE1""]",RES-000005-MOTION-ORDER_001_U01_PICK_BASE,0,1,MOLD_READY,1,55.299999999998995,[],,SUCCEEDED,已完成,"[""ORDER_001_U01_PLACE_BASE""]",ORDER_001_U01_PICK_BASE,PICK_BASE_PLATE,tray_01,ORDER_001_UNIT_01
ARM1,0.0,工件1,吸取基板,"[""ARM1""]",12.0,,584.0000000000166,"{""minimum_clearance_m"": 0.04, ""sample_interval_m"": 0.01, ""time_sample_s"": 0.02, ""lock_joint_indices"": [6]}",NEST_A,ORDER_002,{},"[""ORDER_002_U01_VERIFY_MOLD"", ""ORDER_002_U01_INDEX_MATERIAL""]",3,571.9500000000276,,vacuum_gripper,"[""ZONE_TABLE1""]",RES-000056-MOTION-ORDER_002_U01_PICK_BASE,0,1,MOLD_READY,1,571.9500000000276,[],,SUCCEEDED,已完成,"[""ORDER_002_U01_PLACE_BASE""]",ORDER_002_U01_PICK_BASE,PICK_BASE_PLATE,tray_01,ORDER_002_UNIT_01
ARM1,0.0,工件1,搬运并放置基板,"[""ARM1""]",12.0,,45.19999999999957,"{""minimum_clearance_m"": 0.04, ""sample_interval_m"": 0.01, ""time_sample_s"": 0.02}",NEST_A,ORDER_003,{},"[""ORDER_003_U01_PICK_BASE""]",10,28.60000000000027,,vacuum_gripper,"[""ZONE_TABLE2_ASSEMBLY""]",RES-000002-MOTION-ORDER_003_U01_PLACE_BASE,0,1,MOLD_READY,2,33.150000000000254,"[""ASSEMBLY""]",TABLE2_ASSEMBLY,SUCCEEDED,已完成,"[""ORDER_003_U01_PREPARE_FIN_TOOL"", ""ORDER_003_SWAP_01""]",ORDER_003_U01_PLACE_BASE,PLACE_BASE_PLATE,tray_01,ORDER_003_UNIT_01
ARM1,0.0,工件1,搬运并放置基板,"[""ARM1""]",12.0,,79.39999999999763,"{""minimum_clearance_m"": 0.04, ""sample_interval_m"": 0.01, ""time_sample_s"": 0.02}",NEST_A,ORDER_001,{},"[""ORDER_001_U01_PICK_BASE""]",5,67.34999999999832,,vacuum_gripper,"[""ZONE_TABLE2_ASSEMBLY""]",RES-000006-MOTION-ORDER_001_U01_PLACE_BASE,0,1,MOLD_READY,2,67.34999999999832,"[""ASSEMBLY""]",TABLE2_ASSEMBLY,SUCCEEDED,已完成,"[""ORDER_001_U01_PREPARE_FIN_TOOL"", ""ORDER_001_SWAP_01""]",ORDER_001_U01_PLACE_BASE,PLACE_BASE_PLATE,tray_01,ORDER_001_UNIT_01
ARM1,0.0,工件1,搬运并放置基板,"[""ARM1""]",12.0,,596.0500000000056,"{""minimum_clearance_m"": 0.04, ""sample_interval_m"": 0.01, ""time_sample_s"": 0.02}",NEST_A,ORDER_002,{},"[""ORDER_002_U01_PICK_BASE""]",3,584.0000000000166,,vacuum_gripper,"[""ZONE_TABLE2_ASSEMBLY""]",RES-000057-MOTION-ORDER_002_U01_PLACE_BASE,0,1,MOLD_READY,2,584.0000000000166,"[""ASSEMBLY""]",TABLE2_ASSEMBLY,SUCCEEDED,已完成,"[""ORDER_002_U01_PREPARE_FIN_TOOL"", ""ORDER_002_SWAP_01""]",ORDER_002_U01_PLACE_BASE,PLACE_BASE_PLATE,tray_01,ORDER_002_UNIT_01
ARM1,0.0,工件1,切换翅片夹爪,"[""ARM1""]",8.0,,55.299999999998995,"{""minimum_clearance_m"": 0.04, ""sample_interval_m"": 0.01, ""time_sample_s"": 0.02}",NEST_A,ORDER_003,{},"[""ORDER_003_U01_PLACE_BASE""]",10,45.19999999999957,,parallel_gripper,"[""ZONE_TOOL_CHANGE""]",RES-000003-MOTION-ORDER_003_U01_PREPARE_FIN_TOOL,0,1,,3,47.24999999999945,[],,SUCCEEDED,已完成,"[""ORDER_003_U01_PICK_FIN_01"", ""ORDER_003_U01_PICK_FIN_02"", ""ORDER_003_U01_PICK_FIN_03"", ""ORDER_003_U01_PICK_FIN_04"", ""ORDER_003_U01_PICK_FIN_05"", ""ORDER_003_U01_PICK_FIN_06"", ""ORDER_003_U01_PICK_FIN_07""]",ORDER_003_U01_PREPARE_FIN_TOOL,PREPARE_FIN_TOOL,tray_01,ORDER_003_UNIT_01
TURNTABLE,0.0,当前工件 · 双巢位 · 180度同步换位,双巢位转台换位,"[""TURNTABLE""]",2.0,,47.24999999999945,"{""s_curve"": true, ""rotation_deg"": 180.0, ""settle_s"": 0.3}",,ORDER_003,"{""assembly_tray"": ""tray_01"", ""process_tray"": null}","[""ORDER_003_U01_PLACE_BASE""]",10,45.19999999999957,,,"[""ZONE_TABLE2_ASSEMBLY"", ""ZONE_TABLE2_PROCESS"", ""ZONE_TURNTABLE_SWEEP""]",,0,0,,36,45.19999999999957,"[""SYNCHRONOUS_NEST_SWAP""]",,SUCCEEDED,已完成,"[""ORDER_003_SWAP_01_VERIFY""]",ORDER_003_SWAP_01,ROTATE_TABLE2,,ORDER_003_TURNTABLE
ARM1,0.0,工件1,切换翅片夹爪,"[""ARM1""]",8.0,,87.44999999999717,"{""minimum_clearance_m"": 0.04, ""sample_interval_m"": 0.01, ""time_sample_s"": 0.02}",NEST_A,ORDER_001,{},"[""ORDER_001_U01_PLACE_BASE""]",5,79.39999999999763,,parallel_gripper,"[""ZONE_TOOL_CHANGE""]",RES-000008-MOTION-ORDER_001_U01_PREPARE_FIN_TOOL,0,1,,3,79.39999999999763,[],,SUCCEEDED,已完成,"[""ORDER_001_U01_PICK_FIN_01"", ""ORDER_001_U01_PICK_FIN_02"", ""ORDER_001_U01_PICK_FIN_03"", ""ORDER_001_U01_PICK_FIN_04"", ""ORDER_001_U01_PICK_FIN_05""]",ORDER_001_U01_PREPARE_FIN_TOOL,PREPARE_FIN_TOOL,tray_01,ORDER_001_UNIT_01
TURNTABLE,0.0,当前工件 · 双巢位 · 180度同步换位,双巢位转台换位,"[""TURNTABLE""]",2.0,,100.09999999999646,"{""s_curve"": true, ""rotation_deg"": 180.0, ""settle_s"": 0.3}",,ORDER_001,"{""assembly_tray"": ""tray_01"", ""process_tray"": null}","[""ORDER_001_U01_PLACE_BASE""]",5,79.39999999999763,,,"[""ZONE_TABLE2_ASSEMBLY"", ""ZONE_TABLE2_PROCESS"", ""ZONE_TURNTABLE_SWEEP""]",,0,0,,63,98.04999999999657,"[""SYNCHRONOUS_NEST_SWAP""]",,SUCCEEDED,已完成,"[""ORDER_001_SWAP_01_VERIFY""]",ORDER_001_SWAP_01,ROTATE_TABLE2,,ORDER_001_TURNTABLE
ARM1,0.0,工件1,切换翅片夹爪,"[""ARM1""]",8.0,,606.1499999999965,"{""minimum_clearance_m"": 0.04, ""sample_interval_m"": 0.01, ""time_sample_s"": 0.02}",NEST_A,ORDER_002,{},"[""ORDER_002_U01_PLACE_BASE""]",3,596.0500000000056,,parallel_gripper,"[""ZONE_TOOL_CHANGE""]",RES-000058-MOTION-ORDER_002_U01_PREPARE_FIN_TOOL,0,1,,3,598.1000000000038,[],,SUCCEEDED,已完成,"[""ORDER_002_U01_PICK_FIN_01"", ""ORDER_002_U01_PICK_FIN_02"", ""ORDER_002_U01_PICK_FIN_03"", ""ORDER_002_U01_PICK_FIN_04""]",ORDER_002_U01_PREPARE_FIN_TOOL,PREPARE_FIN_TOOL,tray_01,ORDER_002_UNIT_01
TURNTABLE,0.0,当前工件 · 双巢位 · 180度同步换位,双巢位转台换位,"[""TURNTABLE""]",2.0,,598.1000000000038,"{""s_curve"": true, ""rotation_deg"": 180.0, ""settle_s"": 0.3}",,ORDER_002,"{""assembly_tray"": ""tray_01"", ""process_tray"": null}","[""ORDER_002_U01_PLACE_BASE""]",3,596.0500000000056,,,"[""ZONE_TABLE2_ASSEMBLY"", ""ZONE_TABLE2_PROCESS"", ""ZONE_TURNTABLE_SWEEP""]",,0,0,,88,596.0500000000056,"[""SYNCHRONOUS_NEST_SWAP""]",,SUCCEEDED,已完成,"[""ORDER_002_SWAP_01_VERIFY""]",ORDER_002_SWAP_01,ROTATE_TABLE2,,ORDER_002_TURNTABLE
TURNTABLE,0.0,当前工件 · 双巢位 · 180度同步换位,确认转台停稳对位,"[""TURNTABLE""]",0.3,,47.59999999999943,{},,ORDER_003,{},"[""ORDER_003_SWAP_01""]",10,47.24999999999945,,,"[""ZONE_TURNTABLE_SWEEP""]",,0,0,,37,47.24999999999945,"[""SYNCHRONOUS_NEST_SWAP""]",,SUCCEEDED,已完成,"[""ORDER_003_U01_DISPENSE""]",ORDER_003_SWAP_01_VERIFY,VERIFY_TURNTABLE,,ORDER_003_TURNTABLE
TURNTABLE,0.0,当前工件 · 双巢位 · 180度同步换位,确认转台停稳对位,"[""TURNTABLE""]",0.3,,100.44999999999644,{},,ORDER_001,{},"[""ORDER_001_SWAP_01""]",5,100.09999999999646,,,"[""ZONE_TURNTABLE_SWEEP""]",,0,0,,64,100.09999999999646,"[""SYNCHRONOUS_NEST_SWAP""]",,SUCCEEDED,已完成,"[""ORDER_001_U01_DISPENSE"", ""ORDER_001_U02_INDEX_TRAY"", ""ORDER_001_U02_INDEX_MATERIAL""]",ORDER_001_SWAP_01_VERIFY,VERIFY_TURNTABLE,,ORDER_001_TURNTABLE
TURNTABLE,0.0,当前工件 · 双巢位 · 180度同步换位,确认转台停稳对位,"[""TURNTABLE""]",0.3,,598.4500000000035,{},,ORDER_002,{},"[""ORDER_002_SWAP_01""]",3,598.1000000000038,,,"[""ZONE_TURNTABLE_SWEEP""]",,0,0,,89,598.1000000000038,"[""SYNCHRONOUS_NEST_SWAP""]",,SUCCEEDED,已完成,"[""ORDER_002_U01_DISPENSE"", ""ORDER_002_U02_INDEX_TRAY"", ""ORDER_002_U02_INDEX_MATERIAL""]",ORDER_002_SWAP_01_VERIFY,VERIFY_TURNTABLE,,ORDER_002_TURNTABLE
ARM2,0.0,工件1 · 共14条钎料路径,涂覆钎料,"[""ARM2""]",24.0,,71.64999999999807,"{""minimum_clearance_m"": 0.04, ""sample_interval_m"": 0.01, ""time_sample_s"": 0.02, ""tool_z_vertical_tolerance_deg"": 0.1}",NEST_A,ORDER_003,"{""path_ids"": [""slot_01_left_brazing_path"", ""slot_01_right_brazing_path"", ""slot_02_left_brazing_path"", ""slot_02_right_brazing_path"", ""slot_03_left_brazing_path"", ""slot_03_right_brazing_path"", ""slot_04_left_brazing_path"", ""slot_04_right_brazing_path"", ""slot_05_left_brazing_path"", ""slot_05_right_brazing_path"", ""slot_06_left_brazing_path"", ""slot_06_right_brazing_path"", ""slot_07_left_brazing_path"", ""slot_07_right_brazing_path""], ""material_speed_m_s"": 0.09, ""nozzle_tip_height_m"": 0.0015, ""nozzle_spacing_m"": 0.0044}","[""ORDER_003_SWAP_01_VERIFY""]",10,47.59999999999943,,brazing_dispenser,"[""ZONE_TABLE2_PROCESS""]",RES-000004-MOTION-ORDER_003_U01_DISPENSE,0,2,BASE_READY,4,47.59999999999943,"[""BRAZING"", ""MATERIAL_INSPECTION""]",TABLE2_PROCESS,SUCCEEDED,已完成,"[""ORDER_003_U01_INSPECT_BRAZING""]",ORDER_003_U01_DISPENSE,DISPENSE_BRAZING,tray_01,ORDER_003_UNIT_01
ARM2,0.0,工件1 · 共10条钎料路径,涂覆钎料,"[""ARM2""]",24.0,,124.49999999999507,"{""minimum_clearance_m"": 0.04, ""sample_interval_m"": 0.01, ""time_sample_s"": 0.02, ""tool_z_vertical_tolerance_deg"": 0.1}",NEST_A,ORDER_001,"{""path_ids"": [""slot_01_left_brazing_path"", ""slot_01_right_brazing_path"", ""slot_02_left_brazing_path"", ""slot_02_right_brazing_path"", ""slot_03_left_brazing_path"", ""slot_03_right_brazing_path"", ""slot_04_left_brazing_path"", ""slot_04_right_brazing_path"", ""slot_05_left_brazing_path"", ""slot_05_right_brazing_path""], ""material_speed_m_s"": 0.1, ""nozzle_tip_height_m"": 0.0015, ""nozzle_spacing_m"": 0.005}","[""ORDER_001_SWAP_01_VERIFY""]",5,100.44999999999644,,brazing_dispenser,"[""ZONE_TABLE2_PROCESS""]",RES-000010-MOTION-ORDER_001_U01_DISPENSE,0,2,BASE_READY,4,100.44999999999644,"[""BRAZING"", ""MATERIAL_INSPECTION""]",TABLE2_PROCESS,SUCCEEDED,已完成,"[""ORDER_001_U01_INSPECT_BRAZING""]",ORDER_001_U01_DISPENSE,DISPENSE_BRAZING,tray_01,ORDER_001_UNIT_01
EMPTY_TRAY_INDEXER,0.0,工件2,空托盘补位,"[""EMPTY_TRAY_INDEXER""]",2.0,,102.49999999999632,{},NEST_B,ORDER_001,"{""module_name"": ""comb_insert_20mm""}","[""ORDER_001_SWAP_01_VERIFY""]",5,100.44999999999644,,,"[""ZONE_TABLE2_ASSEMBLY"", ""ZONE_CHANGEOVER_GANTRY""]",,0,0,CHANGEOVER,55,100.44999999999644,[],TABLE2_ASSEMBLY,SUCCEEDED,已完成,"[""ORDER_001_U02_REMOVE_PRESS""]",ORDER_001_U02_INDEX_TRAY,INDEX_EMPTY_TRAY,tray_02,ORDER_001_UNIT_02
MATERIAL_INDEXER,0.0,工件2,索引订单物料盒,"[""MATERIAL_INDEXER""]",1.5,,101.99999999999635,{},,ORDER_001,"{""product_id"": ""PRODUCT_A""}","[""ORDER_001_SWAP_01_VERIFY""]",5,100.44999999999644,,,"[""ZONE_MATERIAL_INDEXER""]",,0,0,,62,100.44999999999644,[],,SUCCEEDED,已完成,"[""ORDER_001_U02_PICK_BASE""]",ORDER_001_U02_INDEX_MATERIAL,INDEX_MATERIAL_KIT,tray_02,ORDER_001_UNIT_02
ARM2,0.0,工件1 · 共8条钎料路径,涂覆钎料,"[""ARM2""]",24.0,,622.4999999999816,"{""minimum_clearance_m"": 0.04, ""sample_interval_m"": 0.01, ""time_sample_s"": 0.02, ""tool_z_vertical_tolerance_deg"": 0.1}",NEST_A,ORDER_002,"{""path_ids"": [""slot_01_left_brazing_path"", ""slot_01_right_brazing_path"", ""slot_02_left_brazing_path"", ""slot_02_right_brazing_path"", ""slot_03_left_brazing_path"", ""slot_03_right_brazing_path"", ""slot_04_left_brazing_path"", ""slot_04_right_brazing_path""], ""material_speed_m_s"": 0.1, ""nozzle_tip_height_m"": 0.0015, ""nozzle_spacing_m"": 0.005}","[""ORDER_002_SWAP_01_VERIFY""]",3,598.4500000000035,,brazing_dispenser,"[""ZONE_TABLE2_PROCESS""]",RES-000059-MOTION-ORDER_002_U01_DISPENSE,0,2,BASE_READY,4,598.4500000000035,"[""BRAZING"", ""MATERIAL_INSPECTION""]",TABLE2_PROCESS,SUCCEEDED,已完成,"[""ORDER_002_U01_INSPECT_BRAZING""]",ORDER_002_U01_DISPENSE,DISPENSE_BRAZING,tray_01,ORDER_002_UNIT_01
EMPTY_TRAY_INDEXER,0.0,工件2,空托盘补位,"[""EMPTY_TRAY_INDEXER""]",2.0,,600.5000000000016,{},NEST_B,ORDER_002,"{""module_name"": ""comb_insert_30mm""}","[""ORDER_002_SWAP_01_VERIFY""]",3,598.4500000000035,,,"[""ZONE_TABLE2_ASSEMBLY"", ""ZONE_CHANGEOVER_GANTRY""]",,0,0,CHANGEOVER,72,598.4500000000035,[],TABLE2_ASSEMBLY,SUCCEEDED,已完成,"[""ORDER_002_U02_REMOVE_PRESS""]",ORDER_002_U02_INDEX_TRAY,INDEX_EMPTY_TRAY,tray_02,ORDER_002_UNIT_02
MATERIAL_INDEXER,0.0,工件2,索引订单物料盒,"[""MATERIAL_INDEXER""]",1.5,,600.000000000002,{},,ORDER_002,"{""product_id"": ""PRODUCT_B""}","[""ORDER_002_SWAP_01_VERIFY""]",3,598.4500000000035,,,"[""ZONE_MATERIAL_INDEXER""]",,0,0,,79,598.4500000000035,[],,SUCCEEDED,已完成,"[""ORDER_002_U02_PICK_BASE""]",ORDER_002_U02_INDEX_MATERIAL,INDEX_MATERIAL_KIT,tray_02,ORDER_002_UNIT_02
ARM3,0.0,工件1 · 共14条钎料路径,检测钎料涂覆,"[""ARM3""]",10.0,,81.6999999999975,"{""minimum_clearance_m"": 0.04, ""sample_interval_m"": 0.01, ""time_sample_s"": 0.02}",NEST_A,ORDER_003,"{""path_ids"": [""slot_01_left_brazing_path"", ""slot_01_right_brazing_path"", ""slot_02_left_brazing_path"", ""slot_02_right_brazing_path"", ""slot_03_left_brazing_path"", ""slot_03_right_brazing_path"", ""slot_04_left_brazing_path"", ""slot_04_right_brazing_path"", ""slot_05_left_brazing_path"", ""slot_05_right_brazing_path"", ""slot_06_left_brazing_path"", ""slot_06_right_brazing_path"", ""slot_07_left_brazing_path"", ""slot_07_right_brazing_path""]}","[""ORDER_003_U01_DISPENSE""]",10,71.64999999999807,,,"[""ZONE_TABLE2_PROCESS""]",RES-000007-MOTION-ORDER_003_U01_INSPECT_BRAZING,0,2,BASE_READY,5,71.64999999999807,"[""BRAZING"", ""MATERIAL_INSPECTION""]",TABLE2_PROCESS,SUCCEEDED,已完成,"[""ORDER_003_SWAP_RETURN_FINAL""]",ORDER_003_U01_INSPECT_BRAZING,INSPECT_BRAZING,tray_01,ORDER_003_UNIT_01
ARM3,0.0,工件1 · 共10条钎料路径,检测钎料涂覆,"[""ARM3""]",10.0,,134.49999999999633,"{""minimum_clearance_m"": 0.04, ""sample_interval_m"": 0.01, ""time_sample_s"": 0.02}",NEST_A,ORDER_001,"{""path_ids"": [""slot_01_left_brazing_path"", ""slot_01_right_brazing_path"", ""slot_02_left_brazing_path"", ""slot_02_right_brazing_path"", ""slot_03_left_brazing_path"", ""slot_03_right_brazing_path"", ""slot_04_left_brazing_path"", ""slot_04_right_brazing_path"", ""slot_05_left_brazing_path"", ""slot_05_right_brazing_path""]}","[""ORDER_001_U01_DISPENSE""]",5,124.49999999999507,,,"[""ZONE_TABLE2_PROCESS""]",RES-000012-MOTION-ORDER_001_U01_INSPECT_BRAZING,0,2,BASE_READY,5,124.49999999999507,"[""BRAZING"", ""MATERIAL_INSPECTION""]",TABLE2_PROCESS,SUCCEEDED,已完成,"[""ORDER_001_SWAP_02""]",ORDER_001_U01_INSPECT_BRAZING,INSPECT_BRAZING,tray_01,ORDER_001_UNIT_01
CHANGEOVER_GANTRY,0.0,工件2,拆除旧压梁,"[""CHANGEOVER_GANTRY""]",2.5,,105.04999999999617,{},NEST_B,ORDER_001,"{""module_name"": ""comb_insert_20mm""}","[""ORDER_001_U02_INDEX_TRAY""]",5,102.49999999999632,,,"[""ZONE_TABLE2_ASSEMBLY"", ""ZONE_CHANGEOVER_GANTRY""]",,0,0,CHANGEOVER,56,102.49999999999632,[],TABLE2_ASSEMBLY,SUCCEEDED,已完成,"[""ORDER_001_U02_REMOVE_COMB""]",ORDER_001_U02_REMOVE_PRESS,REMOVE_OLD_PRESS,tray_02,ORDER_001_UNIT_02
ARM3,0.0,工件1 · 共8条钎料路径,检测钎料涂覆,"[""ARM3""]",10.0,,632.5499999999724,"{""minimum_clearance_m"": 0.04, ""sample_interval_m"": 0.01, ""time_sample_s"": 0.02}",NEST_A,ORDER_002,"{""path_ids"": [""slot_01_left_brazing_path"", ""slot_01_right_brazing_path"", ""slot_02_left_brazing_path"", ""slot_02_right_brazing_path"", ""slot_03_left_brazing_path"", ""slot_03_right_brazing_path"", ""slot_04_left_brazing_path"", ""slot_04_right_brazing_path""]}","[""ORDER_002_U01_DISPENSE""]",3,622.4999999999816,,,"[""ZONE_TABLE2_PROCESS""]",RES-000061-MOTION-ORDER_002_U01_INSPECT_BRAZING,0,2,BASE_READY,5,622.4999999999816,"[""BRAZING"", ""MATERIAL_INSPECTION""]",TABLE2_PROCESS,SUCCEEDED,已完成,"[""ORDER_002_SWAP_02""]",ORDER_002_U01_INSPECT_BRAZING,INSPECT_BRAZING,tray_01,ORDER_002_UNIT_01
CHANGEOVER_GANTRY,0.0,工件2,拆除旧压梁,"[""CHANGEOVER_GANTRY""]",2.5,,603.0499999999993,{},NEST_B,ORDER_002,"{""module_name"": ""comb_insert_30mm""}","[""ORDER_002_U02_INDEX_TRAY""]",3,600.5000000000016,,,"[""ZONE_TABLE2_ASSEMBLY"", ""ZONE_CHANGEOVER_GANTRY""]",,0,0,CHANGEOVER,73,600.5000000000016,[],TABLE2_ASSEMBLY,SUCCEEDED,已完成,"[""ORDER_002_U02_REMOVE_COMB""]",ORDER_002_U02_REMOVE_PRESS,REMOVE_OLD_PRESS,tray_02,ORDER_002_UNIT_02
TURNTABLE,0.0,当前工件 · 双巢位 · 180度同步换位,双巢位转台换位,"[""TURNTABLE""]",2.0,,89.49999999999706,"{""s_curve"": true, ""rotation_deg"": 180.0, ""settle_s"": 0.3}",,ORDER_003,"{""planning_blockers"": [""ARM1尚未到达认证等待位""]}","[""ORDER_003_U01_INSPECT_BRAZING""]",10,81.6999999999975,,,"[""ZONE_TABLE2_ASSEMBLY"", ""ZONE_TABLE2_PROCESS"", ""ZONE_TURNTABLE_SWEEP""]",,0,0,,38,87.44999999999717,"[""SYNCHRONOUS_NEST_SWAP""]",,SUCCEEDED,已完成,"[""ORDER_003_SWAP_RETURN_FINAL_VERIFY""]",ORDER_003_SWAP_RETURN_FINAL,ROTATE_TABLE2,,ORDER_003_TURNTABLE
CHANGEOVER_GANTRY,0.0,工件2,拆除旧梳齿,"[""CHANGEOVER_GANTRY""]",3.0,,108.099999999996,{},NEST_B,ORDER_001,"{""module_name"": ""comb_insert_20mm""}","[""ORDER_001_U02_REMOVE_PRESS""]",5,105.04999999999617,,,"[""ZONE_TABLE2_ASSEMBLY"", ""ZONE_CHANGEOVER_GANTRY""]",,0,0,CHANGEOVER,57,105.04999999999617,[],TABLE2_ASSEMBLY,SUCCEEDED,已完成,"[""ORDER_001_U02_REMOVE_MOLD""]",ORDER_001_U02_REMOVE_COMB,REMOVE_OLD_COMB,tray_02,ORDER_001_UNIT_02
CHANGEOVER_GANTRY,0.0,工件2,拆除旧梳齿,"[""CHANGEOVER_GANTRY""]",3.0,,606.0999999999965,{},NEST_B,ORDER_002,"{""module_name"": ""comb_insert_30mm""}","[""ORDER_002_U02_REMOVE_PRESS""]",3,603.0499999999993,,,"[""ZONE_TABLE2_ASSEMBLY"", ""ZONE_CHANGEOVER_GANTRY""]",,0,0,CHANGEOVER,74,603.0499999999993,[],TABLE2_ASSEMBLY,SUCCEEDED,已完成,"[""ORDER_002_U02_REMOVE_MOLD""]",ORDER_002_U02_REMOVE_COMB,REMOVE_OLD_COMB,tray_02,ORDER_002_UNIT_02
TURNTABLE,0.0,当前工件 · 双巢位 · 180度同步换位,确认转台停稳对位,"[""TURNTABLE""]",0.3,,89.84999999999704,{},,ORDER_003,{},"[""ORDER_003_SWAP_RETURN_FINAL""]",10,89.49999999999706,,,"[""ZONE_TURNTABLE_SWEEP""]",,0,0,,39,89.49999999999706,[],,SUCCEEDED,已完成,"[""ORDER_003_U01_FETCH_COMB""]",ORDER_003_SWAP_RETURN_FINAL_VERIFY,VERIFY_TURNTABLE,,ORDER_003_TURNTABLE
CHANGEOVER_GANTRY,0.0,工件2,拆除旧托盘模具,"[""CHANGEOVER_GANTRY""]",3.0,,111.14999999999583,{},NEST_B,ORDER_001,"{""module_name"": ""comb_insert_20mm""}","[""ORDER_001_U02_REMOVE_COMB""]",5,108.099999999996,,,"[""ZONE_TABLE2_ASSEMBLY"", ""ZONE_CHANGEOVER_GANTRY""]",,0,0,CHANGEOVER,58,108.099999999996,[],TABLE2_ASSEMBLY,SUCCEEDED,已完成,"[""ORDER_001_U02_FETCH_MOLD""]",ORDER_001_U02_REMOVE_MOLD,REMOVE_OLD_MOLD,tray_02,ORDER_001_UNIT_02
CHANGEOVER_GANTRY,0.0,工件2,拆除旧托盘模具,"[""CHANGEOVER_GANTRY""]",3.0,,609.1499999999937,{},NEST_B,ORDER_002,"{""module_name"": ""comb_insert_30mm""}","[""ORDER_002_U02_REMOVE_COMB""]",3,606.0999999999965,,,"[""ZONE_TABLE2_ASSEMBLY"", ""ZONE_CHANGEOVER_GANTRY""]",,0,0,CHANGEOVER,75,606.0999999999965,[],TABLE2_ASSEMBLY,SUCCEEDED,已完成,"[""ORDER_002_U02_FETCH_MOLD""]",ORDER_002_U02_REMOVE_MOLD,REMOVE_OLD_MOLD,tray_02,ORDER_002_UNIT_02
CHANGEOVER_GANTRY,0.0,工件1 · comb_insert_15mm,龙门取出梳齿模块,"[""CHANGEOVER_GANTRY""]",2.5,,92.3999999999969,{},NEST_A,ORDER_003,"{""module_name"": ""comb_insert_15mm""}","[""ORDER_003_SWAP_RETURN_FINAL_VERIFY""]",10,89.84999999999704,,,"[""ZONE_TABLE2_ASSEMBLY"", ""ZONE_CHANGEOVER_GANTRY""]",,0,0,MATERIAL_READY,40,89.84999999999704,[],TABLE2_ASSEMBLY,SUCCEEDED,已完成,"[""ORDER_003_U01_INSTALL_COMB""]",ORDER_003_U01_FETCH_COMB,FETCH_COMB,tray_01,ORDER_003_UNIT_01
CHANGEOVER_GANTRY,0.0,工件2 · comb_insert_20mm,龙门取出目标模具,"[""CHANGEOVER_GANTRY""]",2.5,,113.69999999999568,{},NEST_B,ORDER_001,"{""module_name"": ""comb_insert_20mm""}","[""ORDER_001_U02_REMOVE_MOLD""]",5,111.14999999999583,,,"[""ZONE_TABLE2_ASSEMBLY"", ""ZONE_CHANGEOVER_GANTRY""]",,0,0,CHANGEOVER,59,111.14999999999583,[],TABLE2_ASSEMBLY,SUCCEEDED,已完成,"[""ORDER_001_U02_INSTALL_MOLD""]",ORDER_001_U02_FETCH_MOLD,FETCH_MOLD,tray_02,ORDER_001_UNIT_02
CHANGEOVER_GANTRY,0.0,工件2 · comb_insert_30mm,龙门取出目标模具,"[""CHANGEOVER_GANTRY""]",2.5,,611.6999999999914,{},NEST_B,ORDER_002,"{""module_name"": ""comb_insert_30mm""}","[""ORDER_002_U02_REMOVE_MOLD""]",3,609.1499999999937,,,"[""ZONE_TABLE2_ASSEMBLY"", ""ZONE_CHANGEOVER_GANTRY""]",,0,0,CHANGEOVER,76,609.1499999999937,[],TABLE2_ASSEMBLY,SUCCEEDED,已完成,"[""ORDER_002_U02_INSTALL_MOLD""]",ORDER_002_U02_FETCH_MOLD,FETCH_MOLD,tray_02,ORDER_002_UNIT_02
CHANGEOVER_GANTRY,0.0,工件1 · comb_insert_15mm,安装前后梳齿模块,"[""CHANGEOVER_GANTRY""]",3.0,,95.44999999999672,{},NEST_A,ORDER_003,"{""module_name"": ""comb_insert_15mm""}","[""ORDER_003_U01_FETCH_COMB""]",10,92.3999999999969,,,"[""ZONE_TABLE2_ASSEMBLY"", ""ZONE_CHANGEOVER_GANTRY""]",,0,0,MATERIAL_READY,41,92.3999999999969,[],TABLE2_ASSEMBLY,SUCCEEDED,已完成,"[""ORDER_003_U01_VERIFY_COMB""]",ORDER_003_U01_INSTALL_COMB,INSTALL_COMB,tray_01,ORDER_003_UNIT_01
CHANGEOVER_GANTRY,0.0,工件2 · comb_insert_20mm,安装低矮托盘模具,"[""CHANGEOVER_GANTRY""]",3.0,,116.74999999999551,{},NEST_B,ORDER_001,"{""module_name"": ""comb_insert_20mm""}","[""ORDER_001_U02_FETCH_MOLD""]",5,113.69999999999568,,,"[""ZONE_TABLE2_ASSEMBLY"", ""ZONE_CHANGEOVER_GANTRY""]",,0,0,CHANGEOVER,60,113.69999999999568,[],TABLE2_ASSEMBLY,SUCCEEDED,已完成,"[""ORDER_001_U02_VERIFY_MOLD""]",ORDER_001_U02_INSTALL_MOLD,INSTALL_MOLD,tray_02,ORDER_001_UNIT_02
CHANGEOVER_GANTRY,0.0,工件2 · comb_insert_30mm,安装低矮托盘模具,"[""CHANGEOVER_GANTRY""]",3.0,,614.7499999999886,{},NEST_B,ORDER_002,"{""module_name"": ""comb_insert_30mm""}","[""ORDER_002_U02_FETCH_MOLD""]",3,611.6999999999914,,,"[""ZONE_TABLE2_ASSEMBLY"", ""ZONE_CHANGEOVER_GANTRY""]",,0,0,CHANGEOVER,77,611.6999999999914,[],TABLE2_ASSEMBLY,SUCCEEDED,已完成,"[""ORDER_002_U02_VERIFY_MOLD""]",ORDER_002_U02_INSTALL_MOLD,INSTALL_MOLD,tray_02,ORDER_002_UNIT_02
CHANGEOVER_GANTRY,0.0,工件1 · comb_insert_15mm,验证梳齿模块锁定,"[""CHANGEOVER_GANTRY""]",0.5,,95.99999999999669,{},NEST_A,ORDER_003,"{""module_name"": ""comb_insert_15mm""}","[""ORDER_003_U01_INSTALL_COMB""]",10,95.44999999999672,,,"[""ZONE_TABLE2_ASSEMBLY"", ""ZONE_CHANGEOVER_GANTRY""]",,0,0,MATERIAL_READY,42,95.44999999999672,[],TABLE2_ASSEMBLY,SUCCEEDED,已完成,"[""ORDER_003_U01_CONFIGURE_COMB""]",ORDER_003_U01_VERIFY_COMB,VERIFY_COMB,tray_01,ORDER_003_UNIT_01
CHANGEOVER_GANTRY,0.0,工件2 · comb_insert_20mm,验证模具定位锁销,"[""CHANGEOVER_GANTRY""]",0.5,,117.29999999999548,{},NEST_B,ORDER_001,"{""module_name"": ""comb_insert_20mm""}","[""ORDER_001_U02_INSTALL_MOLD""]",5,116.74999999999551,,,"[""ZONE_TABLE2_ASSEMBLY"", ""ZONE_CHANGEOVER_GANTRY""]",,0,0,CHANGEOVER,61,116.74999999999551,[],TABLE2_ASSEMBLY,SUCCEEDED,已完成,"[""ORDER_001_U02_PICK_BASE""]",ORDER_001_U02_VERIFY_MOLD,VERIFY_MOLD,tray_02,ORDER_001_UNIT_02
CHANGEOVER_GANTRY,0.0,工件2 · comb_insert_30mm,验证模具定位锁销,"[""CHANGEOVER_GANTRY""]",0.5,,615.2999999999881,{},NEST_B,ORDER_002,"{""module_name"": ""comb_insert_30mm""}","[""ORDER_002_U02_INSTALL_MOLD""]",3,614.7499999999886,,,"[""ZONE_TABLE2_ASSEMBLY"", ""ZONE_CHANGEOVER_GANTRY""]",,0,0,CHANGEOVER,78,614.7499999999886,[],TABLE2_ASSEMBLY,SUCCEEDED,已完成,"[""ORDER_002_U02_PICK_BASE""]",ORDER_002_U02_VERIFY_MOLD,VERIFY_MOLD,tray_02,ORDER_002_UNIT_02
FIXTURE,0.0,工件1 · 15毫米梳齿模块,安装梳齿夹具,"[""FIXTURE""]",2.0,,98.04999999999657,"{""minimum_clearance_m"": 0.04, ""sample_interval_m"": 0.01, ""time_sample_s"": 0.02}",NEST_A,ORDER_003,"{""comb_module_name"": ""comb_insert_15mm""}","[""ORDER_003_U01_VERIFY_COMB""]",10,95.99999999999669,,,"[""ZONE_TABLE2_ASSEMBLY""]",,0,0,MATERIAL_READY,6,95.99999999999669,"[""ASSEMBLY""]",TABLE2_ASSEMBLY,SUCCEEDED,已完成,"[""ORDER_003_U01_PICK_FIN_01"", ""ORDER_003_U01_PICK_FIN_02"", ""ORDER_003_U01_PICK_FIN_03"", ""ORDER_003_U01_PICK_FIN_04"", ""ORDER_003_U01_PICK_FIN_05"", ""ORDER_003_U01_PICK_FIN_06"", ""ORDER_003_U01_PICK_FIN_07""]",ORDER_003_U01_CONFIGURE_COMB,CONFIGURE_COMB,tray_01,ORDER_003_UNIT_01
ARM1,0.0,工件2,吸取基板,"[""ARM1""]",12.0,,247.350000000022,"{""minimum_clearance_m"": 0.04, ""sample_interval_m"": 0.01, ""time_sample_s"": 0.02, ""lock_joint_indices"": [6]}",NEST_B,ORDER_001,{},"[""ORDER_001_U02_VERIFY_MOLD"", ""ORDER_001_U02_INDEX_MATERIAL""]",5,117.29999999999548,,vacuum_gripper,"[""ZONE_TABLE1""]",RES-000026-MOTION-ORDER_001_U02_PICK_BASE,0,1,MOLD_READY,24,235.35000000001926,[],,SUCCEEDED,已完成,"[""ORDER_001_U02_PLACE_BASE""]",ORDER_001_U02_PICK_BASE,PICK_BASE_PLATE,tray_02,ORDER_001_UNIT_02
ARM1,0.0,工件2,吸取基板,"[""ARM1""]",12.0,,627.3499999999772,"{""minimum_clearance_m"": 0.04, ""sample_interval_m"": 0.01, ""time_sample_s"": 0.02, ""lock_joint_indices"": [6]}",NEST_B,ORDER_002,{},"[""ORDER_002_U02_VERIFY_MOLD"", ""ORDER_002_U02_INDEX_MATERIAL""]",3,615.2999999999881,,vacuum_gripper,"[""ZONE_TABLE1""]",RES-000060-MOTION-ORDER_002_U02_PICK_BASE,0,1,MOLD_READY,22,615.2999999999881,[],,SUCCEEDED,已完成,"[""ORDER_002_U02_PLACE_BASE""]",ORDER_002_U02_PICK_BASE,PICK_BASE_PLATE,tray_02,ORDER_002_UNIT_02
ARM1,0.0,工件1 · 翅片1,夹取翅片,"[""ARM1""]",8.0,,108.149999999996,"{""minimum_clearance_m"": 0.04, ""sample_interval_m"": 0.01, ""time_sample_s"": 0.02, ""lock_joint_indices"": [6]}",NEST_A,ORDER_003,"{""fin_id"": ""fin_01"", ""target_position"": [0.0, -0.045, 0.0315]}","[""ORDER_003_U01_CONFIGURE_COMB"", ""ORDER_003_U01_PREPARE_FIN_TOOL""]",10,98.04999999999657,,parallel_gripper,"[""ZONE_TABLE1""]",RES-000009-MOTION-ORDER_003_U01_PICK_FIN_01,0,2,MATERIAL_READY,7,100.09999999999646,[],,SUCCEEDED,已完成,"[""ORDER_003_U01_INSTALL_FIN_01""]",ORDER_003_U01_PICK_FIN_01,PICK_FIN,tray_01,ORDER_003_UNIT_01
ARM1,0.0,工件2,搬运并放置基板,"[""ARM1""]",12.0,,264.85000000002594,"{""minimum_clearance_m"": 0.04, ""sample_interval_m"": 0.01, ""time_sample_s"": 0.02}",NEST_B,ORDER_001,{},"[""ORDER_001_U02_PICK_BASE""]",5,247.350000000022,,vacuum_gripper,"[""ZONE_TABLE2_ASSEMBLY""]",RES-000027-MOTION-ORDER_001_U02_PLACE_BASE,0,1,MOLD_READY,25,252.85000000002324,"[""ASSEMBLY""]",TABLE2_ASSEMBLY,SUCCEEDED,已完成,"[""ORDER_001_U02_PREPARE_FIN_TOOL"", ""ORDER_001_SWAP_02""]",ORDER_001_U02_PLACE_BASE,PLACE_BASE_PLATE,tray_02,ORDER_001_UNIT_02
ARM1,0.0,工件2,搬运并放置基板,"[""ARM1""]",12.0,,639.3999999999662,"{""minimum_clearance_m"": 0.04, ""sample_interval_m"": 0.01, ""time_sample_s"": 0.02}",NEST_B,ORDER_002,{},"[""ORDER_002_U02_PICK_BASE""]",3,627.3499999999772,,vacuum_gripper,"[""ZONE_TABLE2_ASSEMBLY""]",RES-000062-MOTION-ORDER_002_U02_PLACE_BASE,0,1,MOLD_READY,23,627.3499999999772,"[""ASSEMBLY""]",TABLE2_ASSEMBLY,SUCCEEDED,已完成,"[""ORDER_002_U02_PREPARE_FIN_TOOL"", ""ORDER_002_SWAP_02""]",ORDER_002_U02_PLACE_BASE,PLACE_BASE_PLATE,tray_02,ORDER_002_UNIT_02
ARM1,0.0,工件1 · 翅片1,安装翅片,"[""ARM1""]",10.0,,127.3499999999949,"{""minimum_clearance_m"": 0.04, ""sample_interval_m"": 0.01, ""time_sample_s"": 0.02, ""lock_joint_indices"": [6]}",NEST_A,ORDER_003,"{""fin_id"": ""fin_01"", ""target_position"": [0.0, -0.045, 0.0315]}","[""ORDER_003_U01_PICK_FIN_01""]",10,108.149999999996,,parallel_gripper,"[""ZONE_TABLE2_ASSEMBLY""]",RES-000011-MOTION-ORDER_003_U01_INSTALL_FIN_01,0,2,MATERIAL_READY,8,117.29999999999548,"[""ASSEMBLY""]",TABLE2_ASSEMBLY,SUCCEEDED,已完成,"[""ORDER_003_U01_PICK_FIN_02"", ""ORDER_003_U01_INSPECT_FINS""]",ORDER_003_U01_INSTALL_FIN_01,INSTALL_FIN,tray_01,ORDER_003_UNIT_01
ARM1,0.0,工件2,切换翅片夹爪,"[""ARM1""]",8.0,,274.8500000000282,"{""minimum_clearance_m"": 0.04, ""sample_interval_m"": 0.01, ""time_sample_s"": 0.02}",NEST_B,ORDER_001,{},"[""ORDER_001_U02_PLACE_BASE""]",5,264.85000000002594,,parallel_gripper,"[""ZONE_TOOL_CHANGE""]",RES-000028-MOTION-ORDER_001_U02_PREPARE_FIN_TOOL,0,1,,26,266.8500000000264,[],,SUCCEEDED,已完成,"[""ORDER_001_U02_PICK_FIN_01"", ""ORDER_001_U02_PICK_FIN_02"", ""ORDER_001_U02_PICK_FIN_03"", ""ORDER_001_U02_PICK_FIN_04"", ""ORDER_001_U02_PICK_FIN_05""]",ORDER_001_U02_PREPARE_FIN_TOOL,PREPARE_FIN_TOOL,tray_02,ORDER_001_UNIT_02
TURNTABLE,0.0,当前工件 · 双巢位 · 180度同步换位,双巢位转台换位,"[""TURNTABLE""]",2.0,,266.8500000000264,"{""s_curve"": true, ""rotation_deg"": 180.0, ""settle_s"": 0.3}",,ORDER_001,"{""assembly_tray"": ""tray_02"", ""process_tray"": ""tray_01""}","[""ORDER_001_U01_INSPECT_BRAZING"", ""ORDER_001_U02_PLACE_BASE""]",5,264.85000000002594,,,"[""ZONE_TABLE2_ASSEMBLY"", ""ZONE_TABLE2_PROCESS"", ""ZONE_TURNTABLE_SWEEP""]",,0,0,,65,264.85000000002594,"[""SYNCHRONOUS_NEST_SWAP""]",,SUCCEEDED,已完成,"[""ORDER_001_SWAP_02_VERIFY""]",ORDER_001_SWAP_02,ROTATE_TABLE2,,ORDER_001_TURNTABLE
ARM1,0.0,工件2,切换翅片夹爪,"[""ARM1""]",8.0,,649.499999999957,"{""minimum_clearance_m"": 0.04, ""sample_interval_m"": 0.01, ""time_sample_s"": 0.02}",NEST_B,ORDER_002,{},"[""ORDER_002_U02_PLACE_BASE""]",3,639.3999999999662,,parallel_gripper,"[""ZONE_TOOL_CHANGE""]",RES-000063-MOTION-ORDER_002_U02_PREPARE_FIN_TOOL,0,1,,24,641.4499999999643,[],,SUCCEEDED,已完成,"[""ORDER_002_U02_PICK_FIN_01"", ""ORDER_002_U02_PICK_FIN_02"", ""ORDER_002_U02_PICK_FIN_03"", ""ORDER_002_U02_PICK_FIN_04""]",ORDER_002_U02_PREPARE_FIN_TOOL,PREPARE_FIN_TOOL,tray_02,ORDER_002_UNIT_02
TURNTABLE,0.0,当前工件 · 双巢位 · 180度同步换位,双巢位转台换位,"[""TURNTABLE""]",2.0,,641.4499999999643,"{""s_curve"": true, ""rotation_deg"": 180.0, ""settle_s"": 0.3}",,ORDER_002,"{""assembly_tray"": ""tray_02"", ""process_tray"": ""tray_01""}","[""ORDER_002_U01_INSPECT_BRAZING"", ""ORDER_002_U02_PLACE_BASE""]",3,639.3999999999662,,,"[""ZONE_TABLE2_ASSEMBLY"", ""ZONE_TABLE2_PROCESS"", ""ZONE_TURNTABLE_SWEEP""]",,0,0,,90,639.3999999999662,"[""SYNCHRONOUS_NEST_SWAP""]",,SUCCEEDED,已完成,"[""ORDER_002_SWAP_02_VERIFY""]",ORDER_002_SWAP_02,ROTATE_TABLE2,,ORDER_002_TURNTABLE
ARM1,0.0,工件1 · 翅片2,夹取翅片,"[""ARM1""]",8.0,,135.34999999999653,"{""minimum_clearance_m"": 0.04, ""sample_interval_m"": 0.01, ""time_sample_s"": 0.02, ""lock_joint_indices"": [6]}",NEST_A,ORDER_003,"{""fin_id"": ""fin_02"", ""target_position"": [0.0, -0.03, 0.0315]}","[""ORDER_003_U01_CONFIGURE_COMB"", ""ORDER_003_U01_PREPARE_FIN_TOOL"", ""ORDER_003_U01_INSTALL_FIN_01""]",10,127.3499999999949,,parallel_gripper,"[""ZONE_TABLE1""]",RES-000013-MOTION-ORDER_003_U01_PICK_FIN_02,0,2,MATERIAL_READY,9,127.3499999999949,[],,SUCCEEDED,已完成,"[""ORDER_003_U01_INSTALL_FIN_02""]",ORDER_003_U01_PICK_FIN_02,PICK_FIN,tray_01,ORDER_003_UNIT_01
TURNTABLE,0.0,当前工件 · 双巢位 · 180度同步换位,确认转台停稳对位,"[""TURNTABLE""]",0.3,,267.15000000002647,{},,ORDER_001,{},"[""ORDER_001_SWAP_02""]",5,266.8500000000264,,,"[""ZONE_TURNTABLE_SWEEP""]",,0,0,,66,266.8500000000264,"[""SYNCHRONOUS_NEST_SWAP""]",,SUCCEEDED,已完成,"[""ORDER_001_U02_DISPENSE"", ""ORDER_001_U01_FETCH_COMB""]",ORDER_001_SWAP_02_VERIFY,VERIFY_TURNTABLE,,ORDER_001_TURNTABLE
TURNTABLE,0.0,当前工件 · 双巢位 · 180度同步换位,确认转台停稳对位,"[""TURNTABLE""]",0.3,,641.799999999964,{},,ORDER_002,{},"[""ORDER_002_SWAP_02""]",3,641.4499999999643,,,"[""ZONE_TURNTABLE_SWEEP""]",,0,0,,91,641.4499999999643,"[""SYNCHRONOUS_NEST_SWAP""]",,SUCCEEDED,已完成,"[""ORDER_002_U02_DISPENSE"", ""ORDER_002_U01_FETCH_COMB""]",ORDER_002_SWAP_02_VERIFY,VERIFY_TURNTABLE,,ORDER_002_TURNTABLE
ARM1,0.0,工件1 · 翅片2,安装翅片,"[""ARM1""]",10.0,,145.3499999999988,"{""minimum_clearance_m"": 0.04, ""sample_interval_m"": 0.01, ""time_sample_s"": 0.02, ""lock_joint_indices"": [6]}",NEST_A,ORDER_003,"{""fin_id"": ""fin_02"", ""target_position"": [0.0, -0.03, 0.0315]}","[""ORDER_003_U01_PICK_FIN_02""]",10,135.34999999999653,,parallel_gripper,"[""ZONE_TABLE2_ASSEMBLY""]",RES-000014-MOTION-ORDER_003_U01_INSTALL_FIN_02,0,2,MATERIAL_READY,10,135.34999999999653,"[""ASSEMBLY""]",TABLE2_ASSEMBLY,SUCCEEDED,已完成,"[""ORDER_003_U01_PICK_FIN_03"", ""ORDER_003_U01_INSPECT_FINS""]",ORDER_003_U01_INSTALL_FIN_02,INSTALL_FIN,tray_01,ORDER_003_UNIT_01
ARM2,0.0,工件2 · 共10条钎料路径,涂覆钎料,"[""ARM2""]",24.0,,291.1500000000319,"{""minimum_clearance_m"": 0.04, ""sample_interval_m"": 0.01, ""time_sample_s"": 0.02, ""tool_z_vertical_tolerance_deg"": 0.1}",NEST_B,ORDER_001,"{""path_ids"": [""slot_01_left_brazing_path"", ""slot_01_right_brazing_path"", ""slot_02_left_brazing_path"", ""slot_02_right_brazing_path"", ""slot_03_left_brazing_path"", ""slot_03_right_brazing_path"", ""slot_04_left_brazing_path"", ""slot_04_right_brazing_path"", ""slot_05_left_brazing_path"", ""slot_05_right_brazing_path""], ""material_speed_m_s"": 0.1, ""nozzle_tip_height_m"": 0.0015, ""nozzle_spacing_m"": 0.005}","[""ORDER_001_SWAP_02_VERIFY""]",5,267.15000000002647,,brazing_dispenser,"[""ZONE_TABLE2_PROCESS""]",RES-000029-MOTION-ORDER_001_U02_DISPENSE,0,2,BASE_READY,27,267.15000000002647,"[""BRAZING"", ""MATERIAL_INSPECTION""]",TABLE2_PROCESS,SUCCEEDED,已完成,"[""ORDER_001_U02_INSPECT_BRAZING""]",ORDER_001_U02_DISPENSE,DISPENSE_BRAZING,tray_02,ORDER_001_UNIT_02
CHANGEOVER_GANTRY,0.0,工件1 · comb_insert_20mm,龙门取出梳齿模块,"[""CHANGEOVER_GANTRY""]",2.5,,269.65000000002703,{},NEST_A,ORDER_001,"{""module_name"": ""comb_insert_20mm""}","[""ORDER_001_SWAP_02_VERIFY""]",5,267.15000000002647,,,"[""ZONE_TABLE2_ASSEMBLY"", ""ZONE_CHANGEOVER_GANTRY""]",,0,0,MATERIAL_READY,69,267.15000000002647,[],TABLE2_ASSEMBLY,SUCCEEDED,已完成,"[""ORDER_001_U01_INSTALL_COMB""]",ORDER_001_U01_FETCH_COMB,FETCH_COMB,tray_01,ORDER_001_UNIT_01
ARM2,0.0,工件2 · 共8条钎料路径,涂覆钎料,"[""ARM2""]",24.0,,665.8499999999422,"{""minimum_clearance_m"": 0.04, ""sample_interval_m"": 0.01, ""time_sample_s"": 0.02, ""tool_z_vertical_tolerance_deg"": 0.1}",NEST_B,ORDER_002,"{""path_ids"": [""slot_01_left_brazing_path"", ""slot_01_right_brazing_path"", ""slot_02_left_brazing_path"", ""slot_02_right_brazing_path"", ""slot_03_left_brazing_path"", ""slot_03_right_brazing_path"", ""slot_04_left_brazing_path"", ""slot_04_right_brazing_path""], ""material_speed_m_s"": 0.1, ""nozzle_tip_height_m"": 0.0015, ""nozzle_spacing_m"": 0.005}","[""ORDER_002_SWAP_02_VERIFY""]",3,641.799999999964,,brazing_dispenser,"[""ZONE_TABLE2_PROCESS""]",RES-000064-MOTION-ORDER_002_U02_DISPENSE,0,2,BASE_READY,25,641.799999999964,"[""BRAZING"", ""MATERIAL_INSPECTION""]",TABLE2_PROCESS,SUCCEEDED,已完成,"[""ORDER_002_U02_INSPECT_BRAZING""]",ORDER_002_U02_DISPENSE,DISPENSE_BRAZING,tray_02,ORDER_002_UNIT_02
CHANGEOVER_GANTRY,0.0,工件1 · comb_insert_30mm,龙门取出梳齿模块,"[""CHANGEOVER_GANTRY""]",2.5,,644.3499999999617,{},NEST_A,ORDER_002,"{""module_name"": ""comb_insert_30mm""}","[""ORDER_002_SWAP_02_VERIFY""]",3,641.799999999964,,,"[""ZONE_TABLE2_ASSEMBLY"", ""ZONE_CHANGEOVER_GANTRY""]",,0,0,MATERIAL_READY,96,641.799999999964,[],TABLE2_ASSEMBLY,SUCCEEDED,已完成,"[""ORDER_002_U01_INSTALL_COMB""]",ORDER_002_U01_FETCH_COMB,FETCH_COMB,tray_01,ORDER_002_UNIT_01
ARM1,0.0,工件1 · 翅片3,夹取翅片,"[""ARM1""]",8.0,,153.35000000000062,"{""minimum_clearance_m"": 0.04, ""sample_interval_m"": 0.01, ""time_sample_s"": 0.02, ""lock_joint_indices"": [6]}",NEST_A,ORDER_003,"{""fin_id"": ""fin_03"", ""target_position"": [0.0, -0.015, 0.0315]}","[""ORDER_003_U01_CONFIGURE_COMB"", ""ORDER_003_U01_PREPARE_FIN_TOOL"", ""ORDER_003_U01_INSTALL_FIN_02""]",10,145.3499999999988,,parallel_gripper,"[""ZONE_TABLE1""]",RES-000015-MOTION-ORDER_003_U01_PICK_FIN_03,0,2,MATERIAL_READY,11,145.3499999999988,[],,SUCCEEDED,已完成,"[""ORDER_003_U01_INSTALL_FIN_03""]",ORDER_003_U01_PICK_FIN_03,PICK_FIN,tray_01,ORDER_003_UNIT_01
ARM3,0.0,工件2 · 共10条钎料路径,检测钎料涂覆,"[""ARM3""]",10.0,,302.9000000000346,"{""minimum_clearance_m"": 0.04, ""sample_interval_m"": 0.01, ""time_sample_s"": 0.02}",NEST_B,ORDER_001,"{""path_ids"": [""slot_01_left_brazing_path"", ""slot_01_right_brazing_path"", ""slot_02_left_brazing_path"", ""slot_02_right_brazing_path"", ""slot_03_left_brazing_path"", ""slot_03_right_brazing_path"", ""slot_04_left_brazing_path"", ""slot_04_right_brazing_path"", ""slot_05_left_brazing_path"", ""slot_05_right_brazing_path""]}","[""ORDER_001_U02_DISPENSE""]",5,291.1500000000319,,,"[""ZONE_TABLE2_PROCESS""]",RES-000033-MOTION-ORDER_001_U02_INSPECT_BRAZING,0,2,BASE_READY,28,292.9000000000323,"[""BRAZING"", ""MATERIAL_INSPECTION""]",TABLE2_PROCESS,SUCCEEDED,已完成,"[""ORDER_001_SWAP_RETURN_FINAL""]",ORDER_001_U02_INSPECT_BRAZING,INSPECT_BRAZING,tray_02,ORDER_001_UNIT_02
CHANGEOVER_GANTRY,0.0,工件1 · comb_insert_20mm,安装前后梳齿模块,"[""CHANGEOVER_GANTRY""]",3.0,,272.6500000000277,{},NEST_A,ORDER_001,"{""module_name"": ""comb_insert_20mm""}","[""ORDER_001_U01_FETCH_COMB""]",5,269.65000000002703,,,"[""ZONE_TABLE2_ASSEMBLY"", ""ZONE_CHANGEOVER_GANTRY""]",,0,0,MATERIAL_READY,70,269.65000000002703,[],TABLE2_ASSEMBLY,SUCCEEDED,已完成,"[""ORDER_001_U01_VERIFY_COMB""]",ORDER_001_U01_INSTALL_COMB,INSTALL_COMB,tray_01,ORDER_001_UNIT_01
ARM3,0.0,工件2 · 共8条钎料路径,检测钎料涂覆,"[""ARM3""]",10.0,,675.899999999933,"{""minimum_clearance_m"": 0.04, ""sample_interval_m"": 0.01, ""time_sample_s"": 0.02}",NEST_B,ORDER_002,"{""path_ids"": [""slot_01_left_brazing_path"", ""slot_01_right_brazing_path"", ""slot_02_left_brazing_path"", ""slot_02_right_brazing_path"", ""slot_03_left_brazing_path"", ""slot_03_right_brazing_path"", ""slot_04_left_brazing_path"", ""slot_04_right_brazing_path""]}","[""ORDER_002_U02_DISPENSE""]",3,665.8499999999422,,,"[""ZONE_TABLE2_PROCESS""]",RES-000067-MOTION-ORDER_002_U02_INSPECT_BRAZING,0,2,BASE_READY,26,665.8499999999422,"[""BRAZING"", ""MATERIAL_INSPECTION""]",TABLE2_PROCESS,SUCCEEDED,已完成,"[""ORDER_002_SWAP_03""]",ORDER_002_U02_INSPECT_BRAZING,INSPECT_BRAZING,tray_02,ORDER_002_UNIT_02
CHANGEOVER_GANTRY,0.0,工件1 · comb_insert_30mm,安装前后梳齿模块,"[""CHANGEOVER_GANTRY""]",3.0,,647.3999999999589,{},NEST_A,ORDER_002,"{""module_name"": ""comb_insert_30mm""}","[""ORDER_002_U01_FETCH_COMB""]",3,644.3499999999617,,,"[""ZONE_TABLE2_ASSEMBLY"", ""ZONE_CHANGEOVER_GANTRY""]",,0,0,MATERIAL_READY,97,644.3499999999617,[],TABLE2_ASSEMBLY,SUCCEEDED,已完成,"[""ORDER_002_U01_VERIFY_COMB""]",ORDER_002_U01_INSTALL_COMB,INSTALL_COMB,tray_01,ORDER_002_UNIT_01
ARM1,0.0,工件1 · 翅片3,安装翅片,"[""ARM1""]",10.0,,163.3500000000029,"{""minimum_clearance_m"": 0.04, ""sample_interval_m"": 0.01, ""time_sample_s"": 0.02, ""lock_joint_indices"": [6]}",NEST_A,ORDER_003,"{""fin_id"": ""fin_03"", ""target_position"": [0.0, -0.015, 0.0315]}","[""ORDER_003_U01_PICK_FIN_03""]",10,153.35000000000062,,parallel_gripper,"[""ZONE_TABLE2_ASSEMBLY""]",RES-000016-MOTION-ORDER_003_U01_INSTALL_FIN_03,0,2,MATERIAL_READY,12,153.35000000000062,"[""ASSEMBLY""]",TABLE2_ASSEMBLY,SUCCEEDED,已完成,"[""ORDER_003_U01_PICK_FIN_04"", ""ORDER_003_U01_INSPECT_FINS""]",ORDER_003_U01_INSTALL_FIN_03,INSTALL_FIN,tray_01,ORDER_003_UNIT_01
CHANGEOVER_GANTRY,0.0,工件1 · comb_insert_20mm,验证梳齿模块锁定,"[""CHANGEOVER_GANTRY""]",0.5,,273.15000000002783,{},NEST_A,ORDER_001,"{""module_name"": ""comb_insert_20mm""}","[""ORDER_001_U01_INSTALL_COMB""]",5,272.6500000000277,,,"[""ZONE_TABLE2_ASSEMBLY"", ""ZONE_CHANGEOVER_GANTRY""]",,0,0,MATERIAL_READY,71,272.6500000000277,[],TABLE2_ASSEMBLY,SUCCEEDED,已完成,"[""ORDER_001_U01_CONFIGURE_COMB""]",ORDER_001_U01_VERIFY_COMB,VERIFY_COMB,tray_01,ORDER_001_UNIT_01
CHANGEOVER_GANTRY,0.0,工件1 · comb_insert_30mm,验证梳齿模块锁定,"[""CHANGEOVER_GANTRY""]",0.5,,647.9499999999584,{},NEST_A,ORDER_002,"{""module_name"": ""comb_insert_30mm""}","[""ORDER_002_U01_INSTALL_COMB""]",3,647.3999999999589,,,"[""ZONE_TABLE2_ASSEMBLY"", ""ZONE_CHANGEOVER_GANTRY""]",,0,0,MATERIAL_READY,98,647.3999999999589,[],TABLE2_ASSEMBLY,SUCCEEDED,已完成,"[""ORDER_002_U01_CONFIGURE_COMB""]",ORDER_002_U01_VERIFY_COMB,VERIFY_COMB,tray_01,ORDER_002_UNIT_01
ARM1,0.0,工件1 · 翅片4,夹取翅片,"[""ARM1""]",8.0,,171.3500000000047,"{""minimum_clearance_m"": 0.04, ""sample_interval_m"": 0.01, ""time_sample_s"": 0.02, ""lock_joint_indices"": [6]}",NEST_A,ORDER_003,"{""fin_id"": ""fin_04"", ""target_position"": [0.0, 0.0, 0.0315]}","[""ORDER_003_U01_CONFIGURE_COMB"", ""ORDER_003_U01_PREPARE_FIN_TOOL"", ""ORDER_003_U01_INSTALL_FIN_03""]",10,163.3500000000029,,parallel_gripper,"[""ZONE_TABLE1""]",RES-000017-MOTION-ORDER_003_U01_PICK_FIN_04,0,2,MATERIAL_READY,13,163.3500000000029,[],,SUCCEEDED,已完成,"[""ORDER_003_U01_INSTALL_FIN_04""]",ORDER_003_U01_PICK_FIN_04,PICK_FIN,tray_01,ORDER_003_UNIT_01
FIXTURE,0.0,工件1 · 20毫米梳齿模块,安装梳齿夹具,"[""FIXTURE""]",2.0,,275.1500000000283,"{""minimum_clearance_m"": 0.04, ""sample_interval_m"": 0.01, ""time_sample_s"": 0.02}",NEST_A,ORDER_001,"{""comb_module_name"": ""comb_insert_20mm""}","[""ORDER_001_U01_VERIFY_COMB""]",5,273.15000000002783,,,"[""ZONE_TABLE2_ASSEMBLY""]",,0,0,MATERIAL_READY,6,273.15000000002783,"[""ASSEMBLY""]",TABLE2_ASSEMBLY,SUCCEEDED,已完成,"[""ORDER_001_U01_PICK_FIN_01"", ""ORDER_001_U01_PICK_FIN_02"", ""ORDER_001_U01_PICK_FIN_03"", ""ORDER_001_U01_PICK_FIN_04"", ""ORDER_001_U01_PICK_FIN_05""]",ORDER_001_U01_CONFIGURE_COMB,CONFIGURE_COMB,tray_01,ORDER_001_UNIT_01
FIXTURE,0.0,工件1 · 30毫米梳齿模块,安装梳齿夹具,"[""FIXTURE""]",2.0,,649.9999999999566,"{""minimum_clearance_m"": 0.04, ""sample_interval_m"": 0.01, ""time_sample_s"": 0.02}",NEST_A,ORDER_002,"{""comb_module_name"": ""comb_insert_30mm""}","[""ORDER_002_U01_VERIFY_COMB""]",3,647.9499999999584,,,"[""ZONE_TABLE2_ASSEMBLY""]",,0,0,MATERIAL_READY,6,647.9499999999584,"[""ASSEMBLY""]",TABLE2_ASSEMBLY,SUCCEEDED,已完成,"[""ORDER_002_U01_PICK_FIN_01"", ""ORDER_002_U01_PICK_FIN_02"", ""ORDER_002_U01_PICK_FIN_03"", ""ORDER_002_U01_PICK_FIN_04""]",ORDER_002_U01_CONFIGURE_COMB,CONFIGURE_COMB,tray_01,ORDER_002_UNIT_01
ARM1,0.0,工件1 · 翅片4,安装翅片,"[""ARM1""]",10.0,,181.350000000007,"{""minimum_clearance_m"": 0.04, ""sample_interval_m"": 0.01, ""time_sample_s"": 0.02, ""lock_joint_indices"": [6]}",NEST_A,ORDER_003,"{""fin_id"": ""fin_04"", ""target_position"": [0.0, 0.0, 0.0315]}","[""ORDER_003_U01_PICK_FIN_04""]",10,171.3500000000047,,parallel_gripper,"[""ZONE_TABLE2_ASSEMBLY""]",RES-000018-MOTION-ORDER_003_U01_INSTALL_FIN_04,0,2,MATERIAL_READY,14,171.3500000000047,"[""ASSEMBLY""]",TABLE2_ASSEMBLY,SUCCEEDED,已完成,"[""ORDER_003_U01_PICK_FIN_05"", ""ORDER_003_U01_INSPECT_FINS""]",ORDER_003_U01_INSTALL_FIN_04,INSTALL_FIN,tray_01,ORDER_003_UNIT_01
ARM1,0.0,工件1 · 翅片1,夹取翅片,"[""ARM1""]",8.0,,283.1500000000301,"{""minimum_clearance_m"": 0.04, ""sample_interval_m"": 0.01, ""time_sample_s"": 0.02, ""lock_joint_indices"": [6]}",NEST_A,ORDER_001,"{""fin_id"": ""fin_01"", ""target_position"": [0.0, -0.04, 0.034]}","[""ORDER_001_U01_CONFIGURE_COMB"", ""ORDER_001_U01_PREPARE_FIN_TOOL""]",5,275.1500000000283,,parallel_gripper,"[""ZONE_TABLE1""]",RES-000030-MOTION-ORDER_001_U01_PICK_FIN_01,0,2,MATERIAL_READY,7,275.1500000000283,[],,SUCCEEDED,已完成,"[""ORDER_001_U01_INSTALL_FIN_01""]",ORDER_001_U01_PICK_FIN_01,PICK_FIN,tray_01,ORDER_001_UNIT_01
ARM1,0.0,工件1 · 翅片1,夹取翅片,"[""ARM1""]",8.0,,658.0499999999493,"{""minimum_clearance_m"": 0.04, ""sample_interval_m"": 0.01, ""time_sample_s"": 0.02, ""lock_joint_indices"": [6]}",NEST_A,ORDER_002,"{""fin_id"": ""fin_01"", ""target_position"": [0.0, -0.045, 0.034]}","[""ORDER_002_U01_CONFIGURE_COMB"", ""ORDER_002_U01_PREPARE_FIN_TOOL""]",3,649.9999999999566,,parallel_gripper,"[""ZONE_TABLE1""]",RES-000065-MOTION-ORDER_002_U01_PICK_FIN_01,0,2,MATERIAL_READY,7,649.9999999999566,[],,SUCCEEDED,已完成,"[""ORDER_002_U01_INSTALL_FIN_01""]",ORDER_002_U01_PICK_FIN_01,PICK_FIN,tray_01,ORDER_002_UNIT_01
ARM1,0.0,工件1 · 翅片5,夹取翅片,"[""ARM1""]",8.0,,189.3500000000088,"{""minimum_clearance_m"": 0.04, ""sample_interval_m"": 0.01, ""time_sample_s"": 0.02, ""lock_joint_indices"": [6]}",NEST_A,ORDER_003,"{""fin_id"": ""fin_05"", ""target_position"": [0.0, 0.015, 0.0315]}","[""ORDER_003_U01_CONFIGURE_COMB"", ""ORDER_003_U01_PREPARE_FIN_TOOL"", ""ORDER_003_U01_INSTALL_FIN_04""]",10,181.350000000007,,parallel_gripper,"[""ZONE_TABLE1""]",RES-000019-MOTION-ORDER_003_U01_PICK_FIN_05,0,2,MATERIAL_READY,15,181.350000000007,[],,SUCCEEDED,已完成,"[""ORDER_003_U01_INSTALL_FIN_05""]",ORDER_003_U01_PICK_FIN_05,PICK_FIN,tray_01,ORDER_003_UNIT_01
ARM1,0.0,工件1 · 翅片1,安装翅片,"[""ARM1""]",10.0,,293.1500000000324,"{""minimum_clearance_m"": 0.04, ""sample_interval_m"": 0.01, ""time_sample_s"": 0.02, ""lock_joint_indices"": [6]}",NEST_A,ORDER_001,"{""fin_id"": ""fin_01"", ""target_position"": [0.0, -0.04, 0.034]}","[""ORDER_001_U01_PICK_FIN_01""]",5,283.1500000000301,,parallel_gripper,"[""ZONE_TABLE2_ASSEMBLY""]",RES-000032-MOTION-ORDER_001_U01_INSTALL_FIN_01,0,2,MATERIAL_READY,8,283.1500000000301,"[""ASSEMBLY""]",TABLE2_ASSEMBLY,SUCCEEDED,已完成,"[""ORDER_001_U01_PICK_FIN_02"", ""ORDER_001_U01_INSPECT_FINS""]",ORDER_001_U01_INSTALL_FIN_01,INSTALL_FIN,tray_01,ORDER_001_UNIT_01
ARM1,0.0,工件1 · 翅片1,安装翅片,"[""ARM1""]",10.0,,668.0999999999401,"{""minimum_clearance_m"": 0.04, ""sample_interval_m"": 0.01, ""time_sample_s"": 0.02, ""lock_joint_indices"": [6]}",NEST_A,ORDER_002,"{""fin_id"": ""fin_01"", ""target_position"": [0.0, -0.045, 0.034]}","[""ORDER_002_U01_PICK_FIN_01""]",3,658.0499999999493,,parallel_gripper,"[""ZONE_TABLE2_ASSEMBLY""]",RES-000066-MOTION-ORDER_002_U01_INSTALL_FIN_01,0,2,MATERIAL_READY,8,658.0499999999493,"[""ASSEMBLY""]",TABLE2_ASSEMBLY,SUCCEEDED,已完成,"[""ORDER_002_U01_PICK_FIN_02"", ""ORDER_002_U01_INSPECT_FINS""]",ORDER_002_U01_INSTALL_FIN_01,INSTALL_FIN,tray_01,ORDER_002_UNIT_01
ARM1,0.0,工件1 · 翅片5,安装翅片,"[""ARM1""]",10.0,,199.35000000001108,"{""minimum_clearance_m"": 0.04, ""sample_interval_m"": 0.01, ""time_sample_s"": 0.02, ""lock_joint_indices"": [6]}",NEST_A,ORDER_003,"{""fin_id"": ""fin_05"", ""target_position"": [0.0, 0.015, 0.0315]}","[""ORDER_003_U01_PICK_FIN_05""]",10,189.3500000000088,,parallel_gripper,"[""ZONE_TABLE2_ASSEMBLY""]",RES-000020-MOTION-ORDER_003_U01_INSTALL_FIN_05,0,2,MATERIAL_READY,16,189.3500000000088,"[""ASSEMBLY""]",TABLE2_ASSEMBLY,SUCCEEDED,已完成,"[""ORDER_003_U01_PICK_FIN_06"", ""ORDER_003_U01_INSPECT_FINS""]",ORDER_003_U01_INSTALL_FIN_05,INSTALL_FIN,tray_01,ORDER_003_UNIT_01
ARM1,0.0,工件1 · 翅片2,夹取翅片,"[""ARM1""]",8.0,,301.1500000000342,"{""minimum_clearance_m"": 0.04, ""sample_interval_m"": 0.01, ""time_sample_s"": 0.02, ""lock_joint_indices"": [6]}",NEST_A,ORDER_001,"{""fin_id"": ""fin_02"", ""target_position"": [0.0, -0.02, 0.034]}","[""ORDER_001_U01_CONFIGURE_COMB"", ""ORDER_001_U01_PREPARE_FIN_TOOL"", ""ORDER_001_U01_INSTALL_FIN_01""]",5,293.1500000000324,,parallel_gripper,"[""ZONE_TABLE1""]",RES-000034-MOTION-ORDER_001_U01_PICK_FIN_02,0,2,MATERIAL_READY,9,293.1500000000324,[],,SUCCEEDED,已完成,"[""ORDER_001_U01_INSTALL_FIN_02""]",ORDER_001_U01_PICK_FIN_02,PICK_FIN,tray_01,ORDER_001_UNIT_01
ARM1,0.0,工件1 · 翅片2,夹取翅片,"[""ARM1""]",8.0,,676.1499999999328,"{""minimum_clearance_m"": 0.04, ""sample_interval_m"": 0.01, ""time_sample_s"": 0.02, ""lock_joint_indices"": [6]}",NEST_A,ORDER_002,"{""fin_id"": ""fin_02"", ""target_position"": [0.0, -0.015, 0.034]}","[""ORDER_002_U01_CONFIGURE_COMB"", ""ORDER_002_U01_PREPARE_FIN_TOOL"", ""ORDER_002_U01_INSTALL_FIN_01""]",3,668.0999999999401,,parallel_gripper,"[""ZONE_TABLE1""]",RES-000068-MOTION-ORDER_002_U01_PICK_FIN_02,0,2,MATERIAL_READY,9,668.0999999999401,[],,SUCCEEDED,已完成,"[""ORDER_002_U01_INSTALL_FIN_02""]",ORDER_002_U01_PICK_FIN_02,PICK_FIN,tray_01,ORDER_002_UNIT_01
ARM1,0.0,工件1 · 翅片6,夹取翅片,"[""ARM1""]",8.0,,207.3500000000129,"{""minimum_clearance_m"": 0.04, ""sample_interval_m"": 0.01, ""time_sample_s"": 0.02, ""lock_joint_indices"": [6]}",NEST_A,ORDER_003,"{""fin_id"": ""fin_06"", ""target_position"": [0.0, 0.03, 0.0315]}","[""ORDER_003_U01_CONFIGURE_COMB"", ""ORDER_003_U01_PREPARE_FIN_TOOL"", ""ORDER_003_U01_INSTALL_FIN_05""]",10,199.35000000001108,,parallel_gripper,"[""ZONE_TABLE1""]",RES-000021-MOTION-ORDER_003_U01_PICK_FIN_06,0,2,MATERIAL_READY,17,199.35000000001108,[],,SUCCEEDED,已完成,"[""ORDER_003_U01_INSTALL_FIN_06""]",ORDER_003_U01_PICK_FIN_06,PICK_FIN,tray_01,ORDER_003_UNIT_01
ARM1,0.0,工件1 · 翅片2,安装翅片,"[""ARM1""]",10.0,,311.15000000003647,"{""minimum_clearance_m"": 0.04, ""sample_interval_m"": 0.01, ""time_sample_s"": 0.02, ""lock_joint_indices"": [6]}",NEST_A,ORDER_001,"{""fin_id"": ""fin_02"", ""target_position"": [0.0, -0.02, 0.034]}","[""ORDER_001_U01_PICK_FIN_02""]",5,301.1500000000342,,parallel_gripper,"[""ZONE_TABLE2_ASSEMBLY""]",RES-000035-MOTION-ORDER_001_U01_INSTALL_FIN_02,0,2,MATERIAL_READY,10,301.1500000000342,"[""ASSEMBLY""]",TABLE2_ASSEMBLY,SUCCEEDED,已完成,"[""ORDER_001_U01_PICK_FIN_03"", ""ORDER_001_U01_INSPECT_FINS""]",ORDER_001_U01_INSTALL_FIN_02,INSTALL_FIN,tray_01,ORDER_001_UNIT_01
ARM1,0.0,工件1 · 翅片2,安装翅片,"[""ARM1""]",10.0,,686.1999999999236,"{""minimum_clearance_m"": 0.04, ""sample_interval_m"": 0.01, ""time_sample_s"": 0.02, ""lock_joint_indices"": [6]}",NEST_A,ORDER_002,"{""fin_id"": ""fin_02"", ""target_position"": [0.0, -0.015, 0.034]}","[""ORDER_002_U01_PICK_FIN_02""]",3,676.1499999999328,,parallel_gripper,"[""ZONE_TABLE2_ASSEMBLY""]",RES-000069-MOTION-ORDER_002_U01_INSTALL_FIN_02,0,2,MATERIAL_READY,10,676.1499999999328,"[""ASSEMBLY""]",TABLE2_ASSEMBLY,SUCCEEDED,已完成,"[""ORDER_002_U01_PICK_FIN_03"", ""ORDER_002_U01_INSPECT_FINS""]",ORDER_002_U01_INSTALL_FIN_02,INSTALL_FIN,tray_01,ORDER_002_UNIT_01
ARM1,0.0,工件1 · 翅片6,安装翅片,"[""ARM1""]",10.0,,217.35000000001517,"{""minimum_clearance_m"": 0.04, ""sample_interval_m"": 0.01, ""time_sample_s"": 0.02, ""lock_joint_indices"": [6]}",NEST_A,ORDER_003,"{""fin_id"": ""fin_06"", ""target_position"": [0.0, 0.03, 0.0315]}","[""ORDER_003_U01_PICK_FIN_06""]",10,207.3500000000129,,parallel_gripper,"[""ZONE_TABLE2_ASSEMBLY""]",RES-000022-MOTION-ORDER_003_U01_INSTALL_FIN_06,0,2,MATERIAL_READY,18,207.3500000000129,"[""ASSEMBLY""]",TABLE2_ASSEMBLY,SUCCEEDED,已完成,"[""ORDER_003_U01_PICK_FIN_07"", ""ORDER_003_U01_INSPECT_FINS""]",ORDER_003_U01_INSTALL_FIN_06,INSTALL_FIN,tray_01,ORDER_003_UNIT_01
ARM1,0.0,工件1 · 翅片3,夹取翅片,"[""ARM1""]",8.0,,319.1500000000383,"{""minimum_clearance_m"": 0.04, ""sample_interval_m"": 0.01, ""time_sample_s"": 0.02, ""lock_joint_indices"": [6]}",NEST_A,ORDER_001,"{""fin_id"": ""fin_03"", ""target_position"": [0.0, 0.0, 0.034]}","[""ORDER_001_U01_CONFIGURE_COMB"", ""ORDER_001_U01_PREPARE_FIN_TOOL"", ""ORDER_001_U01_INSTALL_FIN_02""]",5,311.15000000003647,,parallel_gripper,"[""ZONE_TABLE1""]",RES-000036-MOTION-ORDER_001_U01_PICK_FIN_03,0,2,MATERIAL_READY,11,311.15000000003647,[],,SUCCEEDED,已完成,"[""ORDER_001_U01_INSTALL_FIN_03""]",ORDER_001_U01_PICK_FIN_03,PICK_FIN,tray_01,ORDER_001_UNIT_01
ARM1,0.0,工件1 · 翅片3,夹取翅片,"[""ARM1""]",8.0,,694.2499999999163,"{""minimum_clearance_m"": 0.04, ""sample_interval_m"": 0.01, ""time_sample_s"": 0.02, ""lock_joint_indices"": [6]}",NEST_A,ORDER_002,"{""fin_id"": ""fin_03"", ""target_position"": [0.0, 0.015, 0.034]}","[""ORDER_002_U01_CONFIGURE_COMB"", ""ORDER_002_U01_PREPARE_FIN_TOOL"", ""ORDER_002_U01_INSTALL_FIN_02""]",3,686.1999999999236,,parallel_gripper,"[""ZONE_TABLE1""]",RES-000070-MOTION-ORDER_002_U01_PICK_FIN_03,0,2,MATERIAL_READY,11,686.1999999999236,[],,SUCCEEDED,已完成,"[""ORDER_002_U01_INSTALL_FIN_03""]",ORDER_002_U01_PICK_FIN_03,PICK_FIN,tray_01,ORDER_002_UNIT_01
ARM1,0.0,工件1 · 翅片7,夹取翅片,"[""ARM1""]",8.0,,225.350000000017,"{""minimum_clearance_m"": 0.04, ""sample_interval_m"": 0.01, ""time_sample_s"": 0.02, ""lock_joint_indices"": [6]}",NEST_A,ORDER_003,"{""fin_id"": ""fin_07"", ""target_position"": [0.0, 0.045, 0.0315]}","[""ORDER_003_U01_CONFIGURE_COMB"", ""ORDER_003_U01_PREPARE_FIN_TOOL"", ""ORDER_003_U01_INSTALL_FIN_06""]",10,217.35000000001517,,parallel_gripper,"[""ZONE_TABLE1""]",RES-000023-MOTION-ORDER_003_U01_PICK_FIN_07,0,2,MATERIAL_READY,19,217.35000000001517,[],,SUCCEEDED,已完成,"[""ORDER_003_U01_INSTALL_FIN_07""]",ORDER_003_U01_PICK_FIN_07,PICK_FIN,tray_01,ORDER_003_UNIT_01
ARM1,0.0,工件1 · 翅片3,安装翅片,"[""ARM1""]",10.0,,329.15000000004056,"{""minimum_clearance_m"": 0.04, ""sample_interval_m"": 0.01, ""time_sample_s"": 0.02, ""lock_joint_indices"": [6]}",NEST_A,ORDER_001,"{""fin_id"": ""fin_03"", ""target_position"": [0.0, 0.0, 0.034]}","[""ORDER_001_U01_PICK_FIN_03""]",5,319.1500000000383,,parallel_gripper,"[""ZONE_TABLE2_ASSEMBLY""]",RES-000037-MOTION-ORDER_001_U01_INSTALL_FIN_03,0,2,MATERIAL_READY,12,319.1500000000383,"[""ASSEMBLY""]",TABLE2_ASSEMBLY,SUCCEEDED,已完成,"[""ORDER_001_U01_PICK_FIN_04"", ""ORDER_001_U01_INSPECT_FINS""]",ORDER_001_U01_INSTALL_FIN_03,INSTALL_FIN,tray_01,ORDER_001_UNIT_01
ARM1,0.0,工件1 · 翅片3,安装翅片,"[""ARM1""]",10.0,,704.2999999999072,"{""minimum_clearance_m"": 0.04, ""sample_interval_m"": 0.01, ""time_sample_s"": 0.02, ""lock_joint_indices"": [6]}",NEST_A,ORDER_002,"{""fin_id"": ""fin_03"", ""target_position"": [0.0, 0.015, 0.034]}","[""ORDER_002_U01_PICK_FIN_03""]",3,694.2499999999163,,parallel_gripper,"[""ZONE_TABLE2_ASSEMBLY""]",RES-000071-MOTION-ORDER_002_U01_INSTALL_FIN_03,0,2,MATERIAL_READY,12,694.2499999999163,"[""ASSEMBLY""]",TABLE2_ASSEMBLY,SUCCEEDED,已完成,"[""ORDER_002_U01_PICK_FIN_04"", ""ORDER_002_U01_INSPECT_FINS""]",ORDER_002_U01_INSTALL_FIN_03,INSTALL_FIN,tray_01,ORDER_002_UNIT_01
ARM1,0.0,工件1 · 翅片7,安装翅片,"[""ARM1""]",10.0,,235.35000000001926,"{""minimum_clearance_m"": 0.04, ""sample_interval_m"": 0.01, ""time_sample_s"": 0.02, ""lock_joint_indices"": [6]}",NEST_A,ORDER_003,"{""fin_id"": ""fin_07"", ""target_position"": [0.0, 0.045, 0.0315]}","[""ORDER_003_U01_PICK_FIN_07""]",10,225.350000000017,,parallel_gripper,"[""ZONE_TABLE2_ASSEMBLY""]",RES-000024-MOTION-ORDER_003_U01_INSTALL_FIN_07,0,2,MATERIAL_READY,20,225.350000000017,"[""ASSEMBLY""]",TABLE2_ASSEMBLY,SUCCEEDED,已完成,"[""ORDER_003_U01_INSPECT_FINS""]",ORDER_003_U01_INSTALL_FIN_07,INSTALL_FIN,tray_01,ORDER_003_UNIT_01
ARM1,0.0,工件1 · 翅片4,夹取翅片,"[""ARM1""]",8.0,,337.1500000000424,"{""minimum_clearance_m"": 0.04, ""sample_interval_m"": 0.01, ""time_sample_s"": 0.02, ""lock_joint_indices"": [6]}",NEST_A,ORDER_001,"{""fin_id"": ""fin_04"", ""target_position"": [0.0, 0.02, 0.034]}","[""ORDER_001_U01_CONFIGURE_COMB"", ""ORDER_001_U01_PREPARE_FIN_TOOL"", ""ORDER_001_U01_INSTALL_FIN_03""]",5,329.15000000004056,,parallel_gripper,"[""ZONE_TABLE1""]",RES-000038-MOTION-ORDER_001_U01_PICK_FIN_04,0,2,MATERIAL_READY,13,329.15000000004056,[],,SUCCEEDED,已完成,"[""ORDER_001_U01_INSTALL_FIN_04""]",ORDER_001_U01_PICK_FIN_04,PICK_FIN,tray_01,ORDER_001_UNIT_01
ARM1,0.0,工件1 · 翅片4,夹取翅片,"[""ARM1""]",8.0,,712.3499999998999,"{""minimum_clearance_m"": 0.04, ""sample_interval_m"": 0.01, ""time_sample_s"": 0.02, ""lock_joint_indices"": [6]}",NEST_A,ORDER_002,"{""fin_id"": ""fin_04"", ""target_position"": [0.0, 0.045, 0.034]}","[""ORDER_002_U01_CONFIGURE_COMB"", ""ORDER_002_U01_PREPARE_FIN_TOOL"", ""ORDER_002_U01_INSTALL_FIN_03""]",3,704.2999999999072,,parallel_gripper,"[""ZONE_TABLE1""]",RES-000072-MOTION-ORDER_002_U01_PICK_FIN_04,0,2,MATERIAL_READY,13,704.2999999999072,[],,SUCCEEDED,已完成,"[""ORDER_002_U01_INSTALL_FIN_04""]",ORDER_002_U01_PICK_FIN_04,PICK_FIN,tray_01,ORDER_002_UNIT_01
ARM3,0.0,工件1,检测翅片安装,"[""ARM3""]",10.0,,245.35000000002154,"{""minimum_clearance_m"": 0.04, ""sample_interval_m"": 0.01, ""time_sample_s"": 0.02}",NEST_A,ORDER_003,"{""fin_ids"": [""fin_01"", ""fin_02"", ""fin_03"", ""fin_04"", ""fin_05"", ""fin_06"", ""fin_07""]}","[""ORDER_003_U01_INSTALL_FIN_01"", ""ORDER_003_U01_INSTALL_FIN_02"", ""ORDER_003_U01_INSTALL_FIN_03"", ""ORDER_003_U01_INSTALL_FIN_04"", ""ORDER_003_U01_INSTALL_FIN_05"", ""ORDER_003_U01_INSTALL_FIN_06"", ""ORDER_003_U01_INSTALL_FIN_07""]",10,235.35000000001926,,,"[""ZONE_TABLE2_ASSEMBLY""]",RES-000025-MOTION-ORDER_003_U01_INSPECT_FINS,0,2,MATERIAL_READY,21,235.35000000001926,"[""ASSEMBLY""]",TABLE2_ASSEMBLY,SUCCEEDED,已完成,"[""ORDER_003_U01_FETCH_PRESS""]",ORDER_003_U01_INSPECT_FINS,INSPECT_FINS,tray_01,ORDER_003_UNIT_01
ARM1,0.0,工件1 · 翅片4,安装翅片,"[""ARM1""]",10.0,,347.15000000004466,"{""minimum_clearance_m"": 0.04, ""sample_interval_m"": 0.01, ""time_sample_s"": 0.02, ""lock_joint_indices"": [6]}",NEST_A,ORDER_001,"{""fin_id"": ""fin_04"", ""target_position"": [0.0, 0.02, 0.034]}","[""ORDER_001_U01_PICK_FIN_04""]",5,337.1500000000424,,parallel_gripper,"[""ZONE_TABLE2_ASSEMBLY""]",RES-000039-MOTION-ORDER_001_U01_INSTALL_FIN_04,0,2,MATERIAL_READY,14,337.1500000000424,"[""ASSEMBLY""]",TABLE2_ASSEMBLY,SUCCEEDED,已完成,"[""ORDER_001_U01_PICK_FIN_05"", ""ORDER_001_U01_INSPECT_FINS""]",ORDER_001_U01_INSTALL_FIN_04,INSTALL_FIN,tray_01,ORDER_001_UNIT_01
ARM1,0.0,工件1 · 翅片4,安装翅片,"[""ARM1""]",10.0,,722.3999999998907,"{""minimum_clearance_m"": 0.04, ""sample_interval_m"": 0.01, ""time_sample_s"": 0.02, ""lock_joint_indices"": [6]}",NEST_A,ORDER_002,"{""fin_id"": ""fin_04"", ""target_position"": [0.0, 0.045, 0.034]}","[""ORDER_002_U01_PICK_FIN_04""]",3,712.3499999998999,,parallel_gripper,"[""ZONE_TABLE2_ASSEMBLY""]",RES-000073-MOTION-ORDER_002_U01_INSTALL_FIN_04,0,2,MATERIAL_READY,14,712.3499999998999,"[""ASSEMBLY""]",TABLE2_ASSEMBLY,SUCCEEDED,已完成,"[""ORDER_002_U01_INSPECT_FINS""]",ORDER_002_U01_INSTALL_FIN_04,INSTALL_FIN,tray_01,ORDER_002_UNIT_01
CHANGEOVER_GANTRY,0.0,工件1,龙门取出短压梁,"[""CHANGEOVER_GANTRY""]",2.0,,247.350000000022,{},NEST_A,ORDER_003,{},"[""ORDER_003_U01_INSPECT_FINS""]",10,245.35000000002154,,,"[""ZONE_CHANGEOVER_GANTRY""]",,0,0,ASSEMBLY_READY,43,245.35000000002154,[],TABLE2_ASSEMBLY,SUCCEEDED,已完成,"[""ORDER_003_U01_INSTALL_PRESS""]",ORDER_003_U01_FETCH_PRESS,FETCH_PRESS_MODULE,tray_01,ORDER_003_UNIT_01
ARM1,0.0,工件1 · 翅片5,夹取翅片,"[""ARM1""]",8.0,,355.1500000000465,"{""minimum_clearance_m"": 0.04, ""sample_interval_m"": 0.01, ""time_sample_s"": 0.02, ""lock_joint_indices"": [6]}",NEST_A,ORDER_001,"{""fin_id"": ""fin_05"", ""target_position"": [0.0, 0.04, 0.034]}","[""ORDER_001_U01_CONFIGURE_COMB"", ""ORDER_001_U01_PREPARE_FIN_TOOL"", ""ORDER_001_U01_INSTALL_FIN_04""]",5,347.15000000004466,,parallel_gripper,"[""ZONE_TABLE1""]",RES-000040-MOTION-ORDER_001_U01_PICK_FIN_05,0,2,MATERIAL_READY,15,347.15000000004466,[],,SUCCEEDED,已完成,"[""ORDER_001_U01_INSTALL_FIN_05""]",ORDER_001_U01_PICK_FIN_05,PICK_FIN,tray_01,ORDER_001_UNIT_01
ARM3,0.0,工件1,检测翅片安装,"[""ARM3""]",10.0,,732.4499999998816,"{""minimum_clearance_m"": 0.04, ""sample_interval_m"": 0.01, ""time_sample_s"": 0.02}",NEST_A,ORDER_002,"{""fin_ids"": [""fin_01"", ""fin_02"", ""fin_03"", ""fin_04""]}","[""ORDER_002_U01_INSTALL_FIN_01"", ""ORDER_002_U01_INSTALL_FIN_02"", ""ORDER_002_U01_INSTALL_FIN_03"", ""ORDER_002_U01_INSTALL_FIN_04""]",3,722.3999999998907,,,"[""ZONE_TABLE2_ASSEMBLY""]",RES-000074-MOTION-ORDER_002_U01_INSPECT_FINS,0,2,MATERIAL_READY,15,722.3999999998907,"[""ASSEMBLY""]",TABLE2_ASSEMBLY,SUCCEEDED,已完成,"[""ORDER_002_U01_FETCH_PRESS""]",ORDER_002_U01_INSPECT_FINS,INSPECT_FINS,tray_01,ORDER_002_UNIT_01
CHANGEOVER_GANTRY,0.0,工件1,安装两根短压梁,"[""CHANGEOVER_GANTRY""]",2.5,,249.85000000002256,{},NEST_A,ORDER_003,{},"[""ORDER_003_U01_FETCH_PRESS""]",10,247.350000000022,,,"[""ZONE_TABLE2_ASSEMBLY"", ""ZONE_CHANGEOVER_GANTRY""]",,0,0,ASSEMBLY_READY,44,247.350000000022,[],TABLE2_ASSEMBLY,SUCCEEDED,已完成,"[""ORDER_003_U01_APPLY_PRESS""]",ORDER_003_U01_INSTALL_PRESS,INSTALL_PRESS_MODULE,tray_01,ORDER_003_UNIT_01
ARM1,0.0,工件1 · 翅片5,安装翅片,"[""ARM1""]",10.0,,365.15000000004875,"{""minimum_clearance_m"": 0.04, ""sample_interval_m"": 0.01, ""time_sample_s"": 0.02, ""lock_joint_indices"": [6]}",NEST_A,ORDER_001,"{""fin_id"": ""fin_05"", ""target_position"": [0.0, 0.04, 0.034]}","[""ORDER_001_U01_PICK_FIN_05""]",5,355.1500000000465,,parallel_gripper,"[""ZONE_TABLE2_ASSEMBLY""]",RES-000041-MOTION-ORDER_001_U01_INSTALL_FIN_05,0,2,MATERIAL_READY,16,355.1500000000465,"[""ASSEMBLY""]",TABLE2_ASSEMBLY,SUCCEEDED,已完成,"[""ORDER_001_U01_INSPECT_FINS""]",ORDER_001_U01_INSTALL_FIN_05,INSTALL_FIN,tray_01,ORDER_001_UNIT_01
CHANGEOVER_GANTRY,0.0,工件1,龙门取出短压梁,"[""CHANGEOVER_GANTRY""]",2.0,,734.4999999998797,{},NEST_A,ORDER_002,{},"[""ORDER_002_U01_INSPECT_FINS""]",3,732.4499999998816,,,"[""ZONE_CHANGEOVER_GANTRY""]",,0,0,ASSEMBLY_READY,99,732.4499999998816,[],TABLE2_ASSEMBLY,SUCCEEDED,已完成,"[""ORDER_002_U01_INSTALL_PRESS""]",ORDER_002_U01_FETCH_PRESS,FETCH_PRESS_MODULE,tray_01,ORDER_002_UNIT_01
FIXTURE,0.0,工件1 · 目标夹紧力22牛,压梁压紧翅片,"[""FIXTURE""]",2.0,,251.85000000002302,"{""minimum_clearance_m"": 0.04, ""sample_interval_m"": 0.01, ""time_sample_s"": 0.02}",NEST_A,ORDER_003,"{""target_force_n"": 22.0, ""force_hold_duration_s"": 1.5}","[""ORDER_003_U01_INSTALL_PRESS""]",10,249.85000000002256,,,"[""ZONE_TABLE2_ASSEMBLY""]",,0,0,ASSEMBLY_READY,22,249.85000000002256,"[""ASSEMBLY""]",TABLE2_ASSEMBLY,SUCCEEDED,已完成,"[""ORDER_003_U01_LOCK_FIXTURE""]",ORDER_003_U01_APPLY_PRESS,APPLY_PRESS,tray_01,ORDER_003_UNIT_01
ARM3,0.0,工件1,检测翅片安装,"[""ARM3""]",10.0,,375.150000000051,"{""minimum_clearance_m"": 0.04, ""sample_interval_m"": 0.01, ""time_sample_s"": 0.02}",NEST_A,ORDER_001,"{""fin_ids"": [""fin_01"", ""fin_02"", ""fin_03"", ""fin_04"", ""fin_05""]}","[""ORDER_001_U01_INSTALL_FIN_01"", ""ORDER_001_U01_INSTALL_FIN_02"", ""ORDER_001_U01_INSTALL_FIN_03"", ""ORDER_001_U01_INSTALL_FIN_04"", ""ORDER_001_U01_INSTALL_FIN_05""]",5,365.15000000004875,,,"[""ZONE_TABLE2_ASSEMBLY""]",RES-000042-MOTION-ORDER_001_U01_INSPECT_FINS,0,2,MATERIAL_READY,17,365.15000000004875,"[""ASSEMBLY""]",TABLE2_ASSEMBLY,SUCCEEDED,已完成,"[""ORDER_001_U01_FETCH_PRESS""]",ORDER_001_U01_INSPECT_FINS,INSPECT_FINS,tray_01,ORDER_001_UNIT_01
CHANGEOVER_GANTRY,0.0,工件1,安装两根短压梁,"[""CHANGEOVER_GANTRY""]",2.5,,737.0499999998774,{},NEST_A,ORDER_002,{},"[""ORDER_002_U01_FETCH_PRESS""]",3,734.4999999998797,,,"[""ZONE_TABLE2_ASSEMBLY"", ""ZONE_CHANGEOVER_GANTRY""]",,0,0,ASSEMBLY_READY,100,734.4999999998797,[],TABLE2_ASSEMBLY,SUCCEEDED,已完成,"[""ORDER_002_U01_APPLY_PRESS""]",ORDER_002_U01_INSTALL_PRESS,INSTALL_PRESS_MODULE,tray_01,ORDER_002_UNIT_01
FIXTURE,0.0,工件1,锁紧托盘夹具,"[""FIXTURE""]",1.0,,252.85000000002324,"{""minimum_clearance_m"": 0.04, ""sample_interval_m"": 0.01, ""time_sample_s"": 0.02}",NEST_A,ORDER_003,{},"[""ORDER_003_U01_APPLY_PRESS""]",10,251.85000000002302,,,"[""ZONE_TABLE2_ASSEMBLY""]",,0,0,ASSEMBLY_READY,23,251.85000000002302,"[""ASSEMBLY""]",TABLE2_ASSEMBLY,SUCCEEDED,已完成,"[""ORDER_003_U01_TRANSFER_OUT""]",ORDER_003_U01_LOCK_FIXTURE,LOCK_FIXTURE,tray_01,ORDER_003_UNIT_01
CHANGEOVER_GANTRY,0.0,工件1,龙门取出短压梁,"[""CHANGEOVER_GANTRY""]",2.0,,377.1500000000515,{},NEST_A,ORDER_001,{},"[""ORDER_001_U01_INSPECT_FINS""]",5,375.150000000051,,,"[""ZONE_CHANGEOVER_GANTRY""]",,0,0,ASSEMBLY_READY,72,375.150000000051,[],TABLE2_ASSEMBLY,SUCCEEDED,已完成,"[""ORDER_001_U01_INSTALL_PRESS""]",ORDER_001_U01_FETCH_PRESS,FETCH_PRESS_MODULE,tray_01,ORDER_001_UNIT_01
FIXTURE,0.0,工件1 · 目标夹紧力18牛,压梁压紧翅片,"[""FIXTURE""]",2.0,,739.0999999998755,"{""minimum_clearance_m"": 0.04, ""sample_interval_m"": 0.01, ""time_sample_s"": 0.02}",NEST_A,ORDER_002,"{""target_force_n"": 18.0, ""force_hold_duration_s"": 1.5}","[""ORDER_002_U01_INSTALL_PRESS""]",3,737.0499999998774,,,"[""ZONE_TABLE2_ASSEMBLY""]",,0,0,ASSEMBLY_READY,16,737.0499999998774,"[""ASSEMBLY""]",TABLE2_ASSEMBLY,SUCCEEDED,已完成,"[""ORDER_002_U01_LOCK_FIXTURE""]",ORDER_002_U01_APPLY_PRESS,APPLY_PRESS,tray_01,ORDER_002_UNIT_01
OUTFEED,0.0,工件1,托盘输送至升降台,"[""OUTFEED""]",4.0,,256.8500000000241,"{""minimum_clearance_m"": 0.04, ""sample_interval_m"": 0.01, ""time_sample_s"": 0.02}",NEST_A,ORDER_003,{},"[""ORDER_003_U01_LOCK_FIXTURE""]",10,252.85000000002324,,,"[""ZONE_OUTFEED""]",,0,1,,24,252.85000000002324,[],,SUCCEEDED,已完成,"[""ORDER_003_U01_MOVE_ELEVATOR""]",ORDER_003_U01_TRANSFER_OUT,TRANSFER_TRAY_OUT,tray_01,ORDER_003_UNIT_01
CHANGEOVER_GANTRY,0.0,工件1,安装两根短压梁,"[""CHANGEOVER_GANTRY""]",2.5,,379.65000000005205,{},NEST_A,ORDER_001,{},"[""ORDER_001_U01_FETCH_PRESS""]",5,377.1500000000515,,,"[""ZONE_TABLE2_ASSEMBLY"", ""ZONE_CHANGEOVER_GANTRY""]",,0,0,ASSEMBLY_READY,73,377.1500000000515,[],TABLE2_ASSEMBLY,SUCCEEDED,已完成,"[""ORDER_001_U01_APPLY_PRESS""]",ORDER_001_U01_INSTALL_PRESS,INSTALL_PRESS_MODULE,tray_01,ORDER_001_UNIT_01
FIXTURE,0.0,工件1,锁紧托盘夹具,"[""FIXTURE""]",1.0,,740.1499999998746,"{""minimum_clearance_m"": 0.04, ""sample_interval_m"": 0.01, ""time_sample_s"": 0.02}",NEST_A,ORDER_002,{},"[""ORDER_002_U01_APPLY_PRESS""]",3,739.0999999998755,,,"[""ZONE_TABLE2_ASSEMBLY""]",,0,0,ASSEMBLY_READY,17,739.0999999998755,"[""ASSEMBLY""]",TABLE2_ASSEMBLY,SUCCEEDED,已完成,"[""ORDER_002_U01_TRANSFER_OUT""]",ORDER_002_U01_LOCK_FIXTURE,LOCK_FIXTURE,tray_01,ORDER_002_UNIT_01
ELEVATOR,0.0,工件1 · 第1层,升降台对准层位,"[""ELEVATOR""]",4.0,,260.85000000002503,"{""minimum_clearance_m"": 0.04, ""sample_interval_m"": 0.01, ""time_sample_s"": 0.02}",NEST_A,ORDER_003,"{""layer_index"": 0, ""height_m"": 0.0}","[""ORDER_003_U01_TRANSFER_OUT""]",10,256.8500000000241,,,"[""ZONE_ELEVATOR_TRANSFER""]",,0,1,,25,256.8500000000241,[],,SUCCEEDED,已完成,"[""ORDER_003_U01_LOAD_RACK""]",ORDER_003_U01_MOVE_ELEVATOR,MOVE_ELEVATOR,tray_01,ORDER_003_UNIT_01
FIXTURE,0.0,工件1 · 目标夹紧力20牛,压梁压紧翅片,"[""FIXTURE""]",2.0,,381.6500000000525,"{""minimum_clearance_m"": 0.04, ""sample_interval_m"": 0.01, ""time_sample_s"": 0.02}",NEST_A,ORDER_001,"{""target_force_n"": 20.0, ""force_hold_duration_s"": 1.5}","[""ORDER_001_U01_INSTALL_PRESS""]",5,379.65000000005205,,,"[""ZONE_TABLE2_ASSEMBLY""]",,0,0,ASSEMBLY_READY,18,379.65000000005205,"[""ASSEMBLY""]",TABLE2_ASSEMBLY,SUCCEEDED,已完成,"[""ORDER_001_U01_LOCK_FIXTURE""]",ORDER_001_U01_APPLY_PRESS,APPLY_PRESS,tray_01,ORDER_001_UNIT_01
OUTFEED,0.0,工件1,托盘输送至升降台,"[""OUTFEED""]",4.0,,744.1999999998709,"{""minimum_clearance_m"": 0.04, ""sample_interval_m"": 0.01, ""time_sample_s"": 0.02}",NEST_A,ORDER_002,{},"[""ORDER_002_U01_LOCK_FIXTURE""]",3,740.1499999998746,,,"[""ZONE_OUTFEED""]",,0,1,,18,740.1499999998746,[],,SUCCEEDED,已完成,"[""ORDER_002_U01_MOVE_ELEVATOR"", ""ORDER_002_U03_INDEX_TRAY"", ""ORDER_002_U03_INDEX_MATERIAL""]",ORDER_002_U01_TRANSFER_OUT,TRANSFER_TRAY_OUT,tray_01,ORDER_002_UNIT_01
TRANSFER_FORK,0.0,工件1 · 第1层,推叉装入炉内料架,"[""TRANSFER_FORK""]",5.0,,265.85000000002617,"{""minimum_clearance_m"": 0.04, ""sample_interval_m"": 0.01, ""time_sample_s"": 0.02}",NEST_A,ORDER_003,"{""layer_index"": 0, ""height_m"": 0.0}","[""ORDER_003_U01_MOVE_ELEVATOR""]",10,260.85000000002503,,,"[""ZONE_RACK_FRONT"", ""ZONE_FURNACE_LOADING""]",,0,1,,26,260.85000000002503,[],,SUCCEEDED,已完成,"[""ORDER_003_U01_LOCK_RACK""]",ORDER_003_U01_LOAD_RACK,LOAD_RACK_LAYER,tray_01,ORDER_003_UNIT_01
FIXTURE,0.0,工件1,锁紧托盘夹具,"[""FIXTURE""]",1.0,,382.6500000000527,"{""minimum_clearance_m"": 0.04, ""sample_interval_m"": 0.01, ""time_sample_s"": 0.02}",NEST_A,ORDER_001,{},"[""ORDER_001_U01_APPLY_PRESS""]",5,381.6500000000525,,,"[""ZONE_TABLE2_ASSEMBLY""]",,0,0,ASSEMBLY_READY,19,381.6500000000525,"[""ASSEMBLY""]",TABLE2_ASSEMBLY,SUCCEEDED,已完成,"[""ORDER_001_U01_TRANSFER_OUT""]",ORDER_001_U01_LOCK_FIXTURE,LOCK_FIXTURE,tray_01,ORDER_001_UNIT_01
ELEVATOR,0.0,工件1 · 第1层,升降台对准层位,"[""ELEVATOR""]",4.0,,748.2499999998672,"{""minimum_clearance_m"": 0.04, ""sample_interval_m"": 0.01, ""time_sample_s"": 0.02}",NEST_A,ORDER_002,"{""layer_index"": 0, ""height_m"": 0.0}","[""ORDER_002_U01_TRANSFER_OUT""]",3,744.1999999998709,,,"[""ZONE_ELEVATOR_TRANSFER""]",,0,1,,19,744.1999999998709,[],,SUCCEEDED,已完成,"[""ORDER_002_U01_LOAD_RACK""]",ORDER_002_U01_MOVE_ELEVATOR,MOVE_ELEVATOR,tray_01,ORDER_002_UNIT_01
EMPTY_TRAY_INDEXER,0.0,工件3,空托盘补位,"[""EMPTY_TRAY_INDEXER""]",2.0,,746.249999999869,{},NEST_A,ORDER_002,"{""module_name"": ""comb_insert_30mm""}","[""ORDER_002_U01_TRANSFER_OUT""]",3,744.1999999998709,,,"[""ZONE_TABLE2_ASSEMBLY"", ""ZONE_CHANGEOVER_GANTRY""]",,0,0,CHANGEOVER,80,744.1999999998709,[],TABLE2_ASSEMBLY,SUCCEEDED,已完成,"[""ORDER_002_U03_REMOVE_PRESS""]",ORDER_002_U03_INDEX_TRAY,INDEX_EMPTY_TRAY,tray_03,ORDER_002_UNIT_03
MATERIAL_INDEXER,0.0,工件3,索引订单物料盒,"[""MATERIAL_INDEXER""]",1.5,,745.7499999998695,{},,ORDER_002,"{""product_id"": ""PRODUCT_B""}","[""ORDER_002_U01_TRANSFER_OUT""]",3,744.1999999998709,,,"[""ZONE_MATERIAL_INDEXER""]",,0,0,,87,744.1999999998709,[],,SUCCEEDED,已完成,"[""ORDER_002_U03_PICK_BASE""]",ORDER_002_U03_INDEX_MATERIAL,INDEX_MATERIAL_KIT,tray_03,ORDER_002_UNIT_03
RACK_LAYER_01,0.0,工件1 · 第1层,锁定炉内料架层,"[""RACK_LAYER_01""]",1.0,,266.8500000000264,"{""minimum_clearance_m"": 0.04, ""sample_interval_m"": 0.01, ""time_sample_s"": 0.02}",NEST_A,ORDER_003,"{""layer_index"": 0, ""height_m"": 0.0}","[""ORDER_003_U01_LOAD_RACK""]",10,265.85000000002617,,,"[""ZONE_RACK_FRONT""]",,0,0,,27,265.85000000002617,[],,SUCCEEDED,已完成,"[""ORDER_003_BATCH_READY""]",ORDER_003_U01_LOCK_RACK,LOCK_RACK_LAYER,tray_01,ORDER_003_UNIT_01
OUTFEED,0.0,工件1,托盘输送至升降台,"[""OUTFEED""]",4.0,,386.65000000005364,"{""minimum_clearance_m"": 0.04, ""sample_interval_m"": 0.01, ""time_sample_s"": 0.02}",NEST_A,ORDER_001,{},"[""ORDER_001_U01_LOCK_FIXTURE""]",5,382.6500000000527,,,"[""ZONE_OUTFEED""]",,0,1,,20,382.6500000000527,[],,SUCCEEDED,已完成,"[""ORDER_001_U01_MOVE_ELEVATOR"", ""ORDER_001_SWAP_RETURN_FINAL""]",ORDER_001_U01_TRANSFER_OUT,TRANSFER_TRAY_OUT,tray_01,ORDER_001_UNIT_01
TRANSFER_FORK,0.0,工件1 · 第1层,推叉装入炉内料架,"[""TRANSFER_FORK""]",5.0,,753.2999999998626,"{""minimum_clearance_m"": 0.04, ""sample_interval_m"": 0.01, ""time_sample_s"": 0.02}",NEST_A,ORDER_002,"{""layer_index"": 0, ""height_m"": 0.0}","[""ORDER_002_U01_MOVE_ELEVATOR""]",3,748.2499999998672,,,"[""ZONE_RACK_FRONT"", ""ZONE_FURNACE_LOADING""]",,0,1,,20,748.2499999998672,[],,SUCCEEDED,已完成,"[""ORDER_002_U01_LOCK_RACK""]",ORDER_002_U01_LOAD_RACK,LOAD_RACK_LAYER,tray_01,ORDER_002_UNIT_01
CHANGEOVER_GANTRY,0.0,工件3,拆除旧压梁,"[""CHANGEOVER_GANTRY""]",2.5,,748.7999999998667,{},NEST_A,ORDER_002,"{""module_name"": ""comb_insert_30mm""}","[""ORDER_002_U03_INDEX_TRAY""]",3,746.249999999869,,,"[""ZONE_TABLE2_ASSEMBLY"", ""ZONE_CHANGEOVER_GANTRY""]",,0,0,CHANGEOVER,81,746.249999999869,[],TABLE2_ASSEMBLY,SUCCEEDED,已完成,"[""ORDER_002_U03_REMOVE_COMB""]",ORDER_002_U03_REMOVE_PRESS,REMOVE_OLD_PRESS,tray_03,ORDER_002_UNIT_03
FURNACE,0.0,全部计划托盘已锁定,确认炉批装载完成,"[""FURNACE""]",0.0,,266.9000000000264,{},,ORDER_003,{},"[""ORDER_003_U01_LOCK_RACK""]",10,266.8500000000264,,,"[""ZONE_FURNACE_LOADING""]",,0,0,,45,266.8500000000264,[],,SUCCEEDED,已完成,"[""ORDER_003_RUN_FURNACE""]",ORDER_003_BATCH_READY,BATCH_READY,,ORDER_003_BATCH
ELEVATOR,0.0,工件1 · 第1层,升降台对准层位,"[""ELEVATOR""]",4.0,,390.65000000005455,"{""minimum_clearance_m"": 0.04, ""sample_interval_m"": 0.01, ""time_sample_s"": 0.02}",NEST_A,ORDER_001,"{""layer_index"": 0, ""height_m"": 0.0}","[""ORDER_001_U01_TRANSFER_OUT""]",5,386.65000000005364,,,"[""ZONE_ELEVATOR_TRANSFER""]",,0,1,,21,386.65000000005364,[],,SUCCEEDED,已完成,"[""ORDER_001_U01_LOAD_RACK""]",ORDER_001_U01_MOVE_ELEVATOR,MOVE_ELEVATOR,tray_01,ORDER_001_UNIT_01
TURNTABLE,0.0,当前工件 · 双巢位 · 180度同步换位,双巢位转台换位,"[""TURNTABLE""]",2.0,,388.6500000000541,"{""s_curve"": true, ""rotation_deg"": 180.0, ""settle_s"": 0.3}",,ORDER_001,{},"[""ORDER_001_U02_INSPECT_BRAZING"", ""ORDER_001_U01_TRANSFER_OUT""]",5,386.65000000005364,,,"[""ZONE_TABLE2_ASSEMBLY"", ""ZONE_TABLE2_PROCESS"", ""ZONE_TURNTABLE_SWEEP""]",,0,0,,67,386.65000000005364,"[""SYNCHRONOUS_NEST_SWAP""]",,SUCCEEDED,已完成,"[""ORDER_001_SWAP_RETURN_FINAL_VERIFY""]",ORDER_001_SWAP_RETURN_FINAL,ROTATE_TABLE2,,ORDER_001_TURNTABLE
RACK_LAYER_01,0.0,工件1 · 第1层,锁定炉内料架层,"[""RACK_LAYER_01""]",1.0,,754.3499999998617,"{""minimum_clearance_m"": 0.04, ""sample_interval_m"": 0.01, ""time_sample_s"": 0.02}",NEST_A,ORDER_002,"{""layer_index"": 0, ""height_m"": 0.0}","[""ORDER_002_U01_LOAD_RACK""]",3,753.2999999998626,,,"[""ZONE_RACK_FRONT""]",,0,0,,21,753.2999999998626,[],,SUCCEEDED,已完成,"[""ORDER_002_BATCH_READY""]",ORDER_002_U01_LOCK_RACK,LOCK_RACK_LAYER,tray_01,ORDER_002_UNIT_01
CHANGEOVER_GANTRY,0.0,工件3,拆除旧梳齿,"[""CHANGEOVER_GANTRY""]",3.0,,751.8499999998639,{},NEST_A,ORDER_002,"{""module_name"": ""comb_insert_30mm""}","[""ORDER_002_U03_REMOVE_PRESS""]",3,748.7999999998667,,,"[""ZONE_TABLE2_ASSEMBLY"", ""ZONE_CHANGEOVER_GANTRY""]",,0,0,CHANGEOVER,82,748.7999999998667,[],TABLE2_ASSEMBLY,SUCCEEDED,已完成,"[""ORDER_002_U03_REMOVE_MOLD""]",ORDER_002_U03_REMOVE_COMB,REMOVE_OLD_COMB,tray_03,ORDER_002_UNIT_03
FURNACE,0.0,钎焊周期10秒,执行炉内钎焊,"[""FURNACE""]",10.0,,276.9000000000287,{},,ORDER_003,"{""recipe"": ""demo_brazing"", ""duration_s"": 10.0}","[""ORDER_003_BATCH_READY""]",10,266.9000000000264,,,"[""ZONE_FURNACE_LOADING""]",,0,0,,46,266.9000000000264,[],,SUCCEEDED,已完成,"[""ORDER_003_U01_UNLOAD_RACK""]",ORDER_003_RUN_FURNACE,RUN_FURNACE,,ORDER_003_BATCH
TRANSFER_FORK,0.0,工件1 · 第1层,推叉装入炉内料架,"[""TRANSFER_FORK""]",5.0,,395.6500000000557,"{""minimum_clearance_m"": 0.04, ""sample_interval_m"": 0.01, ""time_sample_s"": 0.02}",NEST_A,ORDER_001,"{""layer_index"": 0, ""height_m"": 0.0}","[""ORDER_001_U01_MOVE_ELEVATOR""]",5,390.65000000005455,,,"[""ZONE_RACK_FRONT"", ""ZONE_FURNACE_LOADING""]",,0,1,,22,390.65000000005455,[],,SUCCEEDED,已完成,"[""ORDER_001_U01_LOCK_RACK""]",ORDER_001_U01_LOAD_RACK,LOAD_RACK_LAYER,tray_01,ORDER_001_UNIT_01
TURNTABLE,0.0,当前工件 · 双巢位 · 180度同步换位,确认转台停稳对位,"[""TURNTABLE""]",0.3,,388.95000000005416,{},,ORDER_001,{},"[""ORDER_001_SWAP_RETURN_FINAL""]",5,388.6500000000541,,,"[""ZONE_TURNTABLE_SWEEP""]",,0,0,,68,388.6500000000541,[],,SUCCEEDED,已完成,"[""ORDER_001_U02_FETCH_COMB""]",ORDER_001_SWAP_RETURN_FINAL_VERIFY,VERIFY_TURNTABLE,,ORDER_001_TURNTABLE
CHANGEOVER_GANTRY,0.0,工件3,拆除旧托盘模具,"[""CHANGEOVER_GANTRY""]",3.0,,754.8999999998612,{},NEST_A,ORDER_002,"{""module_name"": ""comb_insert_30mm""}","[""ORDER_002_U03_REMOVE_COMB""]",3,751.8499999998639,,,"[""ZONE_TABLE2_ASSEMBLY"", ""ZONE_CHANGEOVER_GANTRY""]",,0,0,CHANGEOVER,83,751.8499999998639,[],TABLE2_ASSEMBLY,SUCCEEDED,已完成,"[""ORDER_002_U03_FETCH_MOLD""]",ORDER_002_U03_REMOVE_MOLD,REMOVE_OLD_MOLD,tray_03,ORDER_002_UNIT_03
ELEVATOR,0.0,工件1 · 第1层,从料架卸载托盘,"[""ELEVATOR"", ""TRANSFER_FORK""]",6.0,,282.90000000003005,{},,ORDER_003,"{""layer_index"": 0, ""height_m"": 0.0}","[""ORDER_003_RUN_FURNACE""]",10,276.9000000000287,,,"[""ZONE_RACK_FRONT"", ""ZONE_ELEVATOR_TRANSFER""]",,0,1,,47,276.9000000000287,[],,SUCCEEDED,已完成,"[""ORDER_003_U01_POST_INSPECT""]",ORDER_003_U01_UNLOAD_RACK,UNLOAD_RACK_LAYER,tray_01,ORDER_003_UNIT_01
RACK_LAYER_01,0.0,工件1 · 第1层,锁定炉内料架层,"[""RACK_LAYER_01""]",1.0,,396.6500000000559,"{""minimum_clearance_m"": 0.04, ""sample_interval_m"": 0.01, ""time_sample_s"": 0.02}",NEST_A,ORDER_001,"{""layer_index"": 0, ""height_m"": 0.0}","[""ORDER_001_U01_LOAD_RACK""]",5,395.6500000000557,,,"[""ZONE_RACK_FRONT""]",,0,0,,23,395.6500000000557,[],,SUCCEEDED,已完成,"[""ORDER_001_BATCH_READY""]",ORDER_001_U01_LOCK_RACK,LOCK_RACK_LAYER,tray_01,ORDER_001_UNIT_01
CHANGEOVER_GANTRY,0.0,工件2 · comb_insert_20mm,龙门取出梳齿模块,"[""CHANGEOVER_GANTRY""]",2.5,,391.45000000005473,{},NEST_B,ORDER_001,"{""module_name"": ""comb_insert_20mm""}","[""ORDER_001_SWAP_RETURN_FINAL_VERIFY""]",5,388.95000000005416,,,"[""ZONE_TABLE2_ASSEMBLY"", ""ZONE_CHANGEOVER_GANTRY""]",,0,0,MATERIAL_READY,74,388.95000000005416,[],TABLE2_ASSEMBLY,SUCCEEDED,已完成,"[""ORDER_001_U02_INSTALL_COMB""]",ORDER_001_U02_FETCH_COMB,FETCH_COMB,tray_02,ORDER_001_UNIT_02
CHANGEOVER_GANTRY,0.0,工件3 · comb_insert_30mm,龙门取出目标模具,"[""CHANGEOVER_GANTRY""]",2.5,,757.4499999998588,{},NEST_A,ORDER_002,"{""module_name"": ""comb_insert_30mm""}","[""ORDER_002_U03_REMOVE_MOLD""]",3,754.8999999998612,,,"[""ZONE_TABLE2_ASSEMBLY"", ""ZONE_CHANGEOVER_GANTRY""]",,0,0,CHANGEOVER,84,754.8999999998612,[],TABLE2_ASSEMBLY,SUCCEEDED,已完成,"[""ORDER_002_U03_INSTALL_MOLD""]",ORDER_002_U03_FETCH_MOLD,FETCH_MOLD,tray_03,ORDER_002_UNIT_03
ARM3,0.0,工件1,执行焊后检测,"[""ARM3""]",10.0,,292.9000000000323,{},,ORDER_003,{},"[""ORDER_003_U01_UNLOAD_RACK""]",10,282.90000000003005,,,"[""ZONE_OUTFEED""]",RES-000031-MOTION-ORDER_003_U01_POST_INSPECT,0,0,,48,282.90000000003005,[],,SUCCEEDED,已完成,"[""ORDER_003_U01_ROUTE_PASS"", ""ORDER_003_U01_ROUTE_REWORK_REQUIRED"", ""ORDER_003_U01_ROUTE_SCRAPPED""]",ORDER_003_U01_POST_INSPECT,POST_BRAZE_INSPECTION,tray_01,ORDER_003_UNIT_01
CHANGEOVER_GANTRY,0.0,工件2 · comb_insert_20mm,安装前后梳齿模块,"[""CHANGEOVER_GANTRY""]",3.0,,394.4500000000554,{},NEST_B,ORDER_001,"{""module_name"": ""comb_insert_20mm""}","[""ORDER_001_U02_FETCH_COMB""]",5,391.45000000005473,,,"[""ZONE_TABLE2_ASSEMBLY"", ""ZONE_CHANGEOVER_GANTRY""]",,0,0,MATERIAL_READY,75,391.45000000005473,[],TABLE2_ASSEMBLY,SUCCEEDED,已完成,"[""ORDER_001_U02_VERIFY_COMB""]",ORDER_001_U02_INSTALL_COMB,INSTALL_COMB,tray_02,ORDER_001_UNIT_02
CHANGEOVER_GANTRY,0.0,工件3 · comb_insert_30mm,安装低矮托盘模具,"[""CHANGEOVER_GANTRY""]",3.0,,760.4999999998561,{},NEST_A,ORDER_002,"{""module_name"": ""comb_insert_30mm""}","[""ORDER_002_U03_FETCH_MOLD""]",3,757.4499999998588,,,"[""ZONE_TABLE2_ASSEMBLY"", ""ZONE_CHANGEOVER_GANTRY""]",,0,0,CHANGEOVER,85,757.4499999998588,[],TABLE2_ASSEMBLY,SUCCEEDED,已完成,"[""ORDER_002_U03_VERIFY_MOLD""]",ORDER_002_U03_INSTALL_MOLD,INSTALL_MOLD,tray_03,ORDER_002_UNIT_03
OUTFEED,0.0,工件1 · 按焊后检测结果执行,合格品分流,"[""OUTFEED""]",0.1,,293.00000000003234,{},,ORDER_003,"{""condition"": ""PASS""}","[""ORDER_003_U01_POST_INSPECT""]",10,292.9000000000323,,,"[""ZONE_OUTFEED""]",,0,0,,49,292.9000000000323,[],,SUCCEEDED,已完成,[],ORDER_003_U01_ROUTE_PASS,ROUTE_PASS,tray_01,ORDER_003_UNIT_01
,0.0,工件1 · 按焊后检测结果执行,返工品分流,"[""OUTFEED""]",0.1,,292.9000000000323,{},,ORDER_003,"{""condition"": ""REWORK_REQUIRED""}","[""ORDER_003_U01_POST_INSPECT""]",10,292.9000000000323,,,"[""ZONE_OUTFEED""]",,0,0,,50,,[],,CANCELLED,已取消,[],ORDER_003_U01_ROUTE_REWORK_REQUIRED,ROUTE_REWORK,tray_01,ORDER_003_UNIT_01
,0.0,工件1 · 按焊后检测结果执行,报废品分流,"[""OUTFEED""]",0.1,,292.9000000000323,{},,ORDER_003,"{""condition"": ""SCRAPPED""}","[""ORDER_003_U01_POST_INSPECT""]",10,292.9000000000323,,,"[""ZONE_OUTFEED""]",,0,0,,51,,[],,CANCELLED,已取消,[],ORDER_003_U01_ROUTE_SCRAPPED,ROUTE_SCRAP,tray_01,ORDER_003_UNIT_01
CHANGEOVER_GANTRY,0.0,工件2 · comb_insert_20mm,验证梳齿模块锁定,"[""CHANGEOVER_GANTRY""]",0.5,,394.9500000000555,{},NEST_B,ORDER_001,"{""module_name"": ""comb_insert_20mm""}","[""ORDER_001_U02_INSTALL_COMB""]",5,394.4500000000554,,,"[""ZONE_TABLE2_ASSEMBLY"", ""ZONE_CHANGEOVER_GANTRY""]",,0,0,MATERIAL_READY,76,394.4500000000554,[],TABLE2_ASSEMBLY,SUCCEEDED,已完成,"[""ORDER_001_U02_CONFIGURE_COMB""]",ORDER_001_U02_VERIFY_COMB,VERIFY_COMB,tray_02,ORDER_001_UNIT_02
CHANGEOVER_GANTRY,0.0,工件3 · comb_insert_30mm,验证模具定位锁销,"[""CHANGEOVER_GANTRY""]",0.5,,761.0499999998556,{},NEST_A,ORDER_002,"{""module_name"": ""comb_insert_30mm""}","[""ORDER_002_U03_INSTALL_MOLD""]",3,760.4999999998561,,,"[""ZONE_TABLE2_ASSEMBLY"", ""ZONE_CHANGEOVER_GANTRY""]",,0,0,CHANGEOVER,86,760.4999999998561,[],TABLE2_ASSEMBLY,SUCCEEDED,已完成,"[""ORDER_002_U03_PICK_BASE""]",ORDER_002_U03_VERIFY_MOLD,VERIFY_MOLD,tray_03,ORDER_002_UNIT_03
FIXTURE,0.0,工件2 · 20毫米梳齿模块,安装梳齿夹具,"[""FIXTURE""]",2.0,,396.950000000056,"{""minimum_clearance_m"": 0.04, ""sample_interval_m"": 0.01, ""time_sample_s"": 0.02}",NEST_B,ORDER_001,"{""comb_module_name"": ""comb_insert_20mm""}","[""ORDER_001_U02_VERIFY_COMB""]",5,394.9500000000555,,,"[""ZONE_TABLE2_ASSEMBLY""]",,0,0,MATERIAL_READY,29,394.9500000000555,"[""ASSEMBLY""]",TABLE2_ASSEMBLY,SUCCEEDED,已完成,"[""ORDER_001_U02_PICK_FIN_01"", ""ORDER_001_U02_PICK_FIN_02"", ""ORDER_001_U02_PICK_FIN_03"", ""ORDER_001_U02_PICK_FIN_04"", ""ORDER_001_U02_PICK_FIN_05""]",ORDER_001_U02_CONFIGURE_COMB,CONFIGURE_COMB,tray_02,ORDER_001_UNIT_02
ARM1,0.0,工件3,吸取基板,"[""ARM1""]",12.0,,773.0999999998446,"{""minimum_clearance_m"": 0.04, ""sample_interval_m"": 0.01, ""time_sample_s"": 0.02, ""lock_joint_indices"": [6]}",NEST_A,ORDER_002,{},"[""ORDER_002_U03_VERIFY_MOLD"", ""ORDER_002_U03_INDEX_MATERIAL""]",3,761.0499999998556,,vacuum_gripper,"[""ZONE_TABLE1""]",RES-000075-MOTION-ORDER_002_U03_PICK_BASE,0,1,MOLD_READY,43,761.0499999998556,[],,SUCCEEDED,已完成,"[""ORDER_002_U03_PLACE_BASE""]",ORDER_002_U03_PICK_BASE,PICK_BASE_PLATE,tray_03,ORDER_002_UNIT_03
ARM1,0.0,工件2 · 翅片1,夹取翅片,"[""ARM1""]",8.0,,404.9500000000578,"{""minimum_clearance_m"": 0.04, ""sample_interval_m"": 0.01, ""time_sample_s"": 0.02, ""lock_joint_indices"": [6]}",NEST_B,ORDER_001,"{""fin_id"": ""fin_01"", ""target_position"": [0.0, -0.04, 0.034]}","[""ORDER_001_U02_CONFIGURE_COMB"", ""ORDER_001_U02_PREPARE_FIN_TOOL""]",5,396.950000000056,,parallel_gripper,"[""ZONE_TABLE1""]",RES-000043-MOTION-ORDER_001_U02_PICK_FIN_01,0,2,MATERIAL_READY,30,396.950000000056,[],,SUCCEEDED,已完成,"[""ORDER_001_U02_INSTALL_FIN_01""]",ORDER_001_U02_PICK_FIN_01,PICK_FIN,tray_02,ORDER_001_UNIT_02
ARM1,0.0,工件3,搬运并放置基板,"[""ARM1""]",12.0,,785.1499999998337,"{""minimum_clearance_m"": 0.04, ""sample_interval_m"": 0.01, ""time_sample_s"": 0.02}",NEST_A,ORDER_002,{},"[""ORDER_002_U03_PICK_BASE""]",3,773.0999999998446,,vacuum_gripper,"[""ZONE_TABLE2_ASSEMBLY""]",RES-000076-MOTION-ORDER_002_U03_PLACE_BASE,0,1,MOLD_READY,44,773.0999999998446,"[""ASSEMBLY""]",TABLE2_ASSEMBLY,SUCCEEDED,已完成,"[""ORDER_002_U03_PREPARE_FIN_TOOL"", ""ORDER_002_SWAP_03""]",ORDER_002_U03_PLACE_BASE,PLACE_BASE_PLATE,tray_03,ORDER_002_UNIT_03
ARM1,0.0,工件2 · 翅片1,安装翅片,"[""ARM1""]",10.0,,414.9500000000601,"{""minimum_clearance_m"": 0.04, ""sample_interval_m"": 0.01, ""time_sample_s"": 0.02, ""lock_joint_indices"": [6]}",NEST_B,ORDER_001,"{""fin_id"": ""fin_01"", ""target_position"": [0.0, -0.04, 0.034]}","[""ORDER_001_U02_PICK_FIN_01""]",5,404.9500000000578,,parallel_gripper,"[""ZONE_TABLE2_ASSEMBLY""]",RES-000044-MOTION-ORDER_001_U02_INSTALL_FIN_01,0,2,MATERIAL_READY,31,404.9500000000578,"[""ASSEMBLY""]",TABLE2_ASSEMBLY,SUCCEEDED,已完成,"[""ORDER_001_U02_PICK_FIN_02"", ""ORDER_001_U02_INSPECT_FINS""]",ORDER_001_U02_INSTALL_FIN_01,INSTALL_FIN,tray_02,ORDER_001_UNIT_02
ARM1,0.0,工件3,切换翅片夹爪,"[""ARM1""]",8.0,,795.2499999998245,"{""minimum_clearance_m"": 0.04, ""sample_interval_m"": 0.01, ""time_sample_s"": 0.02}",NEST_A,ORDER_002,{},"[""ORDER_002_U03_PLACE_BASE""]",3,785.1499999998337,,parallel_gripper,"[""ZONE_TOOL_CHANGE""]",RES-000077-MOTION-ORDER_002_U03_PREPARE_FIN_TOOL,0,1,,45,787.1999999998318,[],,SUCCEEDED,已完成,"[""ORDER_002_U03_PICK_FIN_01"", ""ORDER_002_U03_PICK_FIN_02"", ""ORDER_002_U03_PICK_FIN_03"", ""ORDER_002_U03_PICK_FIN_04""]",ORDER_002_U03_PREPARE_FIN_TOOL,PREPARE_FIN_TOOL,tray_03,ORDER_002_UNIT_03
TURNTABLE,0.0,当前工件 · 双巢位 · 180度同步换位,双巢位转台换位,"[""TURNTABLE""]",2.0,,787.1999999998318,"{""s_curve"": true, ""rotation_deg"": 180.0, ""settle_s"": 0.3}",,ORDER_002,"{""assembly_tray"": ""tray_03"", ""process_tray"": ""tray_02""}","[""ORDER_002_U02_INSPECT_BRAZING"", ""ORDER_002_U03_PLACE_BASE""]",3,785.1499999998337,,,"[""ZONE_TABLE2_ASSEMBLY"", ""ZONE_TABLE2_PROCESS"", ""ZONE_TURNTABLE_SWEEP""]",,0,0,,92,785.1499999998337,"[""SYNCHRONOUS_NEST_SWAP""]",,SUCCEEDED,已完成,"[""ORDER_002_SWAP_03_VERIFY""]",ORDER_002_SWAP_03,ROTATE_TABLE2,,ORDER_002_TURNTABLE
ARM1,0.0,工件2 · 翅片2,夹取翅片,"[""ARM1""]",8.0,,422.9500000000619,"{""minimum_clearance_m"": 0.04, ""sample_interval_m"": 0.01, ""time_sample_s"": 0.02, ""lock_joint_indices"": [6]}",NEST_B,ORDER_001,"{""fin_id"": ""fin_02"", ""target_position"": [0.0, -0.02, 0.034]}","[""ORDER_001_U02_CONFIGURE_COMB"", ""ORDER_001_U02_PREPARE_FIN_TOOL"", ""ORDER_001_U02_INSTALL_FIN_01""]",5,414.9500000000601,,parallel_gripper,"[""ZONE_TABLE1""]",RES-000045-MOTION-ORDER_001_U02_PICK_FIN_02,0,2,MATERIAL_READY,32,414.9500000000601,[],,SUCCEEDED,已完成,"[""ORDER_001_U02_INSTALL_FIN_02""]",ORDER_001_U02_PICK_FIN_02,PICK_FIN,tray_02,ORDER_001_UNIT_02
TURNTABLE,0.0,当前工件 · 双巢位 · 180度同步换位,确认转台停稳对位,"[""TURNTABLE""]",0.3,,787.5499999998315,{},,ORDER_002,{},"[""ORDER_002_SWAP_03""]",3,787.1999999998318,,,"[""ZONE_TURNTABLE_SWEEP""]",,0,0,,93,787.1999999998318,"[""SYNCHRONOUS_NEST_SWAP""]",,SUCCEEDED,已完成,"[""ORDER_002_U03_DISPENSE"", ""ORDER_002_U02_FETCH_COMB""]",ORDER_002_SWAP_03_VERIFY,VERIFY_TURNTABLE,,ORDER_002_TURNTABLE
ARM1,0.0,工件2 · 翅片2,安装翅片,"[""ARM1""]",10.0,,432.95000000006416,"{""minimum_clearance_m"": 0.04, ""sample_interval_m"": 0.01, ""time_sample_s"": 0.02, ""lock_joint_indices"": [6]}",NEST_B,ORDER_001,"{""fin_id"": ""fin_02"", ""target_position"": [0.0, -0.02, 0.034]}","[""ORDER_001_U02_PICK_FIN_02""]",5,422.9500000000619,,parallel_gripper,"[""ZONE_TABLE2_ASSEMBLY""]",RES-000046-MOTION-ORDER_001_U02_INSTALL_FIN_02,0,2,MATERIAL_READY,33,422.9500000000619,"[""ASSEMBLY""]",TABLE2_ASSEMBLY,SUCCEEDED,已完成,"[""ORDER_001_U02_PICK_FIN_03"", ""ORDER_001_U02_INSPECT_FINS""]",ORDER_001_U02_INSTALL_FIN_02,INSTALL_FIN,tray_02,ORDER_001_UNIT_02
ARM2,0.0,工件3 · 共8条钎料路径,涂覆钎料,"[""ARM2""]",24.0,,811.5999999998096,"{""minimum_clearance_m"": 0.04, ""sample_interval_m"": 0.01, ""time_sample_s"": 0.02, ""tool_z_vertical_tolerance_deg"": 0.1}",NEST_A,ORDER_002,"{""path_ids"": [""slot_01_left_brazing_path"", ""slot_01_right_brazing_path"", ""slot_02_left_brazing_path"", ""slot_02_right_brazing_path"", ""slot_03_left_brazing_path"", ""slot_03_right_brazing_path"", ""slot_04_left_brazing_path"", ""slot_04_right_brazing_path""], ""material_speed_m_s"": 0.1, ""nozzle_tip_height_m"": 0.0015, ""nozzle_spacing_m"": 0.005}","[""ORDER_002_SWAP_03_VERIFY""]",3,787.5499999998315,,brazing_dispenser,"[""ZONE_TABLE2_PROCESS""]",RES-000078-MOTION-ORDER_002_U03_DISPENSE,0,2,BASE_READY,46,787.5499999998315,"[""BRAZING"", ""MATERIAL_INSPECTION""]",TABLE2_PROCESS,SUCCEEDED,已完成,"[""ORDER_002_U03_INSPECT_BRAZING""]",ORDER_002_U03_DISPENSE,DISPENSE_BRAZING,tray_03,ORDER_002_UNIT_03
CHANGEOVER_GANTRY,0.0,工件2 · comb_insert_30mm,龙门取出梳齿模块,"[""CHANGEOVER_GANTRY""]",2.5,,790.0999999998292,{},NEST_B,ORDER_002,"{""module_name"": ""comb_insert_30mm""}","[""ORDER_002_SWAP_03_VERIFY""]",3,787.5499999998315,,,"[""ZONE_TABLE2_ASSEMBLY"", ""ZONE_CHANGEOVER_GANTRY""]",,0,0,MATERIAL_READY,101,787.5499999998315,[],TABLE2_ASSEMBLY,SUCCEEDED,已完成,"[""ORDER_002_U02_INSTALL_COMB""]",ORDER_002_U02_FETCH_COMB,FETCH_COMB,tray_02,ORDER_002_UNIT_02
ARM1,0.0,工件2 · 翅片3,夹取翅片,"[""ARM1""]",8.0,,440.950000000066,"{""minimum_clearance_m"": 0.04, ""sample_interval_m"": 0.01, ""time_sample_s"": 0.02, ""lock_joint_indices"": [6]}",NEST_B,ORDER_001,"{""fin_id"": ""fin_03"", ""target_position"": [0.0, 0.0, 0.034]}","[""ORDER_001_U02_CONFIGURE_COMB"", ""ORDER_001_U02_PREPARE_FIN_TOOL"", ""ORDER_001_U02_INSTALL_FIN_02""]",5,432.95000000006416,,parallel_gripper,"[""ZONE_TABLE1""]",RES-000047-MOTION-ORDER_001_U02_PICK_FIN_03,0,2,MATERIAL_READY,34,432.95000000006416,[],,SUCCEEDED,已完成,"[""ORDER_001_U02_INSTALL_FIN_03""]",ORDER_001_U02_PICK_FIN_03,PICK_FIN,tray_02,ORDER_001_UNIT_02
ARM3,0.0,工件3 · 共8条钎料路径,检测钎料涂覆,"[""ARM3""]",10.0,,821.6499999998005,"{""minimum_clearance_m"": 0.04, ""sample_interval_m"": 0.01, ""time_sample_s"": 0.02}",NEST_A,ORDER_002,"{""path_ids"": [""slot_01_left_brazing_path"", ""slot_01_right_brazing_path"", ""slot_02_left_brazing_path"", ""slot_02_right_brazing_path"", ""slot_03_left_brazing_path"", ""slot_03_right_brazing_path"", ""slot_04_left_brazing_path"", ""slot_04_right_brazing_path""]}","[""ORDER_002_U03_DISPENSE""]",3,811.5999999998096,,,"[""ZONE_TABLE2_PROCESS""]",RES-000081-MOTION-ORDER_002_U03_INSPECT_BRAZING,0,2,BASE_READY,47,811.5999999998096,"[""BRAZING"", ""MATERIAL_INSPECTION""]",TABLE2_PROCESS,SUCCEEDED,已完成,"[""ORDER_002_SWAP_RETURN_FINAL""]",ORDER_002_U03_INSPECT_BRAZING,INSPECT_BRAZING,tray_03,ORDER_002_UNIT_03
CHANGEOVER_GANTRY,0.0,工件2 · comb_insert_30mm,安装前后梳齿模块,"[""CHANGEOVER_GANTRY""]",3.0,,793.1499999998264,{},NEST_B,ORDER_002,"{""module_name"": ""comb_insert_30mm""}","[""ORDER_002_U02_FETCH_COMB""]",3,790.0999999998292,,,"[""ZONE_TABLE2_ASSEMBLY"", ""ZONE_CHANGEOVER_GANTRY""]",,0,0,MATERIAL_READY,102,790.0999999998292,[],TABLE2_ASSEMBLY,SUCCEEDED,已完成,"[""ORDER_002_U02_VERIFY_COMB""]",ORDER_002_U02_INSTALL_COMB,INSTALL_COMB,tray_02,ORDER_002_UNIT_02
ARM1,0.0,工件2 · 翅片3,安装翅片,"[""ARM1""]",10.0,,450.95000000006826,"{""minimum_clearance_m"": 0.04, ""sample_interval_m"": 0.01, ""time_sample_s"": 0.02, ""lock_joint_indices"": [6]}",NEST_B,ORDER_001,"{""fin_id"": ""fin_03"", ""target_position"": [0.0, 0.0, 0.034]}","[""ORDER_001_U02_PICK_FIN_03""]",5,440.950000000066,,parallel_gripper,"[""ZONE_TABLE2_ASSEMBLY""]",RES-000048-MOTION-ORDER_001_U02_INSTALL_FIN_03,0,2,MATERIAL_READY,35,440.950000000066,"[""ASSEMBLY""]",TABLE2_ASSEMBLY,SUCCEEDED,已完成,"[""ORDER_001_U02_PICK_FIN_04"", ""ORDER_001_U02_INSPECT_FINS""]",ORDER_001_U02_INSTALL_FIN_03,INSTALL_FIN,tray_02,ORDER_001_UNIT_02
CHANGEOVER_GANTRY,0.0,工件2 · comb_insert_30mm,验证梳齿模块锁定,"[""CHANGEOVER_GANTRY""]",0.5,,793.6999999998259,{},NEST_B,ORDER_002,"{""module_name"": ""comb_insert_30mm""}","[""ORDER_002_U02_INSTALL_COMB""]",3,793.1499999998264,,,"[""ZONE_TABLE2_ASSEMBLY"", ""ZONE_CHANGEOVER_GANTRY""]",,0,0,MATERIAL_READY,103,793.1499999998264,[],TABLE2_ASSEMBLY,SUCCEEDED,已完成,"[""ORDER_002_U02_CONFIGURE_COMB""]",ORDER_002_U02_VERIFY_COMB,VERIFY_COMB,tray_02,ORDER_002_UNIT_02
ARM1,0.0,工件2 · 翅片4,夹取翅片,"[""ARM1""]",8.0,,458.9500000000701,"{""minimum_clearance_m"": 0.04, ""sample_interval_m"": 0.01, ""time_sample_s"": 0.02, ""lock_joint_indices"": [6]}",NEST_B,ORDER_001,"{""fin_id"": ""fin_04"", ""target_position"": [0.0, 0.02, 0.034]}","[""ORDER_001_U02_CONFIGURE_COMB"", ""ORDER_001_U02_PREPARE_FIN_TOOL"", ""ORDER_001_U02_INSTALL_FIN_03""]",5,450.95000000006826,,parallel_gripper,"[""ZONE_TABLE1""]",RES-000049-MOTION-ORDER_001_U02_PICK_FIN_04,0,2,MATERIAL_READY,36,450.95000000006826,[],,SUCCEEDED,已完成,"[""ORDER_001_U02_INSTALL_FIN_04""]",ORDER_001_U02_PICK_FIN_04,PICK_FIN,tray_02,ORDER_001_UNIT_02
FIXTURE,0.0,工件2 · 30毫米梳齿模块,安装梳齿夹具,"[""FIXTURE""]",2.0,,795.749999999824,"{""minimum_clearance_m"": 0.04, ""sample_interval_m"": 0.01, ""time_sample_s"": 0.02}",NEST_B,ORDER_002,"{""comb_module_name"": ""comb_insert_30mm""}","[""ORDER_002_U02_VERIFY_COMB""]",3,793.6999999998259,,,"[""ZONE_TABLE2_ASSEMBLY""]",,0,0,MATERIAL_READY,27,793.6999999998259,"[""ASSEMBLY""]",TABLE2_ASSEMBLY,SUCCEEDED,已完成,"[""ORDER_002_U02_PICK_FIN_01"", ""ORDER_002_U02_PICK_FIN_02"", ""ORDER_002_U02_PICK_FIN_03"", ""ORDER_002_U02_PICK_FIN_04""]",ORDER_002_U02_CONFIGURE_COMB,CONFIGURE_COMB,tray_02,ORDER_002_UNIT_02
ARM1,0.0,工件2 · 翅片4,安装翅片,"[""ARM1""]",10.0,,468.95000000007235,"{""minimum_clearance_m"": 0.04, ""sample_interval_m"": 0.01, ""time_sample_s"": 0.02, ""lock_joint_indices"": [6]}",NEST_B,ORDER_001,"{""fin_id"": ""fin_04"", ""target_position"": [0.0, 0.02, 0.034]}","[""ORDER_001_U02_PICK_FIN_04""]",5,458.9500000000701,,parallel_gripper,"[""ZONE_TABLE2_ASSEMBLY""]",RES-000050-MOTION-ORDER_001_U02_INSTALL_FIN_04,0,2,MATERIAL_READY,37,458.9500000000701,"[""ASSEMBLY""]",TABLE2_ASSEMBLY,SUCCEEDED,已完成,"[""ORDER_001_U02_PICK_FIN_05"", ""ORDER_001_U02_INSPECT_FINS""]",ORDER_001_U02_INSTALL_FIN_04,INSTALL_FIN,tray_02,ORDER_001_UNIT_02
ARM1,0.0,工件2 · 翅片1,夹取翅片,"[""ARM1""]",8.0,,803.7999999998167,"{""minimum_clearance_m"": 0.04, ""sample_interval_m"": 0.01, ""time_sample_s"": 0.02, ""lock_joint_indices"": [6]}",NEST_B,ORDER_002,"{""fin_id"": ""fin_01"", ""target_position"": [0.0, -0.045, 0.034]}","[""ORDER_002_U02_CONFIGURE_COMB"", ""ORDER_002_U02_PREPARE_FIN_TOOL""]",3,795.749999999824,,parallel_gripper,"[""ZONE_TABLE1""]",RES-000079-MOTION-ORDER_002_U02_PICK_FIN_01,0,2,MATERIAL_READY,28,795.749999999824,[],,SUCCEEDED,已完成,"[""ORDER_002_U02_INSTALL_FIN_01""]",ORDER_002_U02_PICK_FIN_01,PICK_FIN,tray_02,ORDER_002_UNIT_02
ARM1,0.0,工件2 · 翅片5,夹取翅片,"[""ARM1""]",8.0,,476.95000000007417,"{""minimum_clearance_m"": 0.04, ""sample_interval_m"": 0.01, ""time_sample_s"": 0.02, ""lock_joint_indices"": [6]}",NEST_B,ORDER_001,"{""fin_id"": ""fin_05"", ""target_position"": [0.0, 0.04, 0.034]}","[""ORDER_001_U02_CONFIGURE_COMB"", ""ORDER_001_U02_PREPARE_FIN_TOOL"", ""ORDER_001_U02_INSTALL_FIN_04""]",5,468.95000000007235,,parallel_gripper,"[""ZONE_TABLE1""]",RES-000051-MOTION-ORDER_001_U02_PICK_FIN_05,0,2,MATERIAL_READY,38,468.95000000007235,[],,SUCCEEDED,已完成,"[""ORDER_001_U02_INSTALL_FIN_05""]",ORDER_001_U02_PICK_FIN_05,PICK_FIN,tray_02,ORDER_001_UNIT_02
ARM1,0.0,工件2 · 翅片1,安装翅片,"[""ARM1""]",10.0,,813.8499999998076,"{""minimum_clearance_m"": 0.04, ""sample_interval_m"": 0.01, ""time_sample_s"": 0.02, ""lock_joint_indices"": [6]}",NEST_B,ORDER_002,"{""fin_id"": ""fin_01"", ""target_position"": [0.0, -0.045, 0.034]}","[""ORDER_002_U02_PICK_FIN_01""]",3,803.7999999998167,,parallel_gripper,"[""ZONE_TABLE2_ASSEMBLY""]",RES-000080-MOTION-ORDER_002_U02_INSTALL_FIN_01,0,2,MATERIAL_READY,29,803.7999999998167,"[""ASSEMBLY""]",TABLE2_ASSEMBLY,SUCCEEDED,已完成,"[""ORDER_002_U02_PICK_FIN_02"", ""ORDER_002_U02_INSPECT_FINS""]",ORDER_002_U02_INSTALL_FIN_01,INSTALL_FIN,tray_02,ORDER_002_UNIT_02
ARM1,0.0,工件2 · 翅片5,安装翅片,"[""ARM1""]",10.0,,486.95000000007644,"{""minimum_clearance_m"": 0.04, ""sample_interval_m"": 0.01, ""time_sample_s"": 0.02, ""lock_joint_indices"": [6]}",NEST_B,ORDER_001,"{""fin_id"": ""fin_05"", ""target_position"": [0.0, 0.04, 0.034]}","[""ORDER_001_U02_PICK_FIN_05""]",5,476.95000000007417,,parallel_gripper,"[""ZONE_TABLE2_ASSEMBLY""]",RES-000052-MOTION-ORDER_001_U02_INSTALL_FIN_05,0,2,MATERIAL_READY,39,476.95000000007417,"[""ASSEMBLY""]",TABLE2_ASSEMBLY,SUCCEEDED,已完成,"[""ORDER_001_U02_INSPECT_FINS""]",ORDER_001_U02_INSTALL_FIN_05,INSTALL_FIN,tray_02,ORDER_001_UNIT_02
ARM1,0.0,工件2 · 翅片2,夹取翅片,"[""ARM1""]",8.0,,821.8999999998002,"{""minimum_clearance_m"": 0.04, ""sample_interval_m"": 0.01, ""time_sample_s"": 0.02, ""lock_joint_indices"": [6]}",NEST_B,ORDER_002,"{""fin_id"": ""fin_02"", ""target_position"": [0.0, -0.015, 0.034]}","[""ORDER_002_U02_CONFIGURE_COMB"", ""ORDER_002_U02_PREPARE_FIN_TOOL"", ""ORDER_002_U02_INSTALL_FIN_01""]",3,813.8499999998076,,parallel_gripper,"[""ZONE_TABLE1""]",RES-000082-MOTION-ORDER_002_U02_PICK_FIN_02,0,2,MATERIAL_READY,30,813.8499999998076,[],,SUCCEEDED,已完成,"[""ORDER_002_U02_INSTALL_FIN_02""]",ORDER_002_U02_PICK_FIN_02,PICK_FIN,tray_02,ORDER_002_UNIT_02
ARM3,0.0,工件2,检测翅片安装,"[""ARM3""]",10.0,,496.9500000000787,"{""minimum_clearance_m"": 0.04, ""sample_interval_m"": 0.01, ""time_sample_s"": 0.02}",NEST_B,ORDER_001,"{""fin_ids"": [""fin_01"", ""fin_02"", ""fin_03"", ""fin_04"", ""fin_05""]}","[""ORDER_001_U02_INSTALL_FIN_01"", ""ORDER_001_U02_INSTALL_FIN_02"", ""ORDER_001_U02_INSTALL_FIN_03"", ""ORDER_001_U02_INSTALL_FIN_04"", ""ORDER_001_U02_INSTALL_FIN_05""]",5,486.95000000007644,,,"[""ZONE_TABLE2_ASSEMBLY""]",RES-000053-MOTION-ORDER_001_U02_INSPECT_FINS,0,2,MATERIAL_READY,40,486.95000000007644,"[""ASSEMBLY""]",TABLE2_ASSEMBLY,SUCCEEDED,已完成,"[""ORDER_001_U02_FETCH_PRESS""]",ORDER_001_U02_INSPECT_FINS,INSPECT_FINS,tray_02,ORDER_001_UNIT_02
ARM1,0.0,工件2 · 翅片2,安装翅片,"[""ARM1""]",10.0,,831.9499999997911,"{""minimum_clearance_m"": 0.04, ""sample_interval_m"": 0.01, ""time_sample_s"": 0.02, ""lock_joint_indices"": [6]}",NEST_B,ORDER_002,"{""fin_id"": ""fin_02"", ""target_position"": [0.0, -0.015, 0.034]}","[""ORDER_002_U02_PICK_FIN_02""]",3,821.8999999998002,,parallel_gripper,"[""ZONE_TABLE2_ASSEMBLY""]",RES-000083-MOTION-ORDER_002_U02_INSTALL_FIN_02,0,2,MATERIAL_READY,31,821.8999999998002,"[""ASSEMBLY""]",TABLE2_ASSEMBLY,SUCCEEDED,已完成,"[""ORDER_002_U02_PICK_FIN_03"", ""ORDER_002_U02_INSPECT_FINS""]",ORDER_002_U02_INSTALL_FIN_02,INSTALL_FIN,tray_02,ORDER_002_UNIT_02
CHANGEOVER_GANTRY,0.0,工件2,龙门取出短压梁,"[""CHANGEOVER_GANTRY""]",2.0,,498.95000000007917,{},NEST_B,ORDER_001,{},"[""ORDER_001_U02_INSPECT_FINS""]",5,496.9500000000787,,,"[""ZONE_CHANGEOVER_GANTRY""]",,0,0,ASSEMBLY_READY,77,496.9500000000787,[],TABLE2_ASSEMBLY,SUCCEEDED,已完成,"[""ORDER_001_U02_INSTALL_PRESS""]",ORDER_001_U02_FETCH_PRESS,FETCH_PRESS_MODULE,tray_02,ORDER_001_UNIT_02
ARM1,0.0,工件2 · 翅片3,夹取翅片,"[""ARM1""]",8.0,,839.9999999997838,"{""minimum_clearance_m"": 0.04, ""sample_interval_m"": 0.01, ""time_sample_s"": 0.02, ""lock_joint_indices"": [6]}",NEST_B,ORDER_002,"{""fin_id"": ""fin_03"", ""target_position"": [0.0, 0.015, 0.034]}","[""ORDER_002_U02_CONFIGURE_COMB"", ""ORDER_002_U02_PREPARE_FIN_TOOL"", ""ORDER_002_U02_INSTALL_FIN_02""]",3,831.9499999997911,,parallel_gripper,"[""ZONE_TABLE1""]",RES-000084-MOTION-ORDER_002_U02_PICK_FIN_03,0,2,MATERIAL_READY,32,831.9499999997911,[],,SUCCEEDED,已完成,"[""ORDER_002_U02_INSTALL_FIN_03""]",ORDER_002_U02_PICK_FIN_03,PICK_FIN,tray_02,ORDER_002_UNIT_02
CHANGEOVER_GANTRY,0.0,工件2,安装两根短压梁,"[""CHANGEOVER_GANTRY""]",2.5,,501.45000000007974,{},NEST_B,ORDER_001,{},"[""ORDER_001_U02_FETCH_PRESS""]",5,498.95000000007917,,,"[""ZONE_TABLE2_ASSEMBLY"", ""ZONE_CHANGEOVER_GANTRY""]",,0,0,ASSEMBLY_READY,78,498.95000000007917,[],TABLE2_ASSEMBLY,SUCCEEDED,已完成,"[""ORDER_001_U02_APPLY_PRESS""]",ORDER_001_U02_INSTALL_PRESS,INSTALL_PRESS_MODULE,tray_02,ORDER_001_UNIT_02
ARM1,0.0,工件2 · 翅片3,安装翅片,"[""ARM1""]",10.0,,850.0499999997746,"{""minimum_clearance_m"": 0.04, ""sample_interval_m"": 0.01, ""time_sample_s"": 0.02, ""lock_joint_indices"": [6]}",NEST_B,ORDER_002,"{""fin_id"": ""fin_03"", ""target_position"": [0.0, 0.015, 0.034]}","[""ORDER_002_U02_PICK_FIN_03""]",3,839.9999999997838,,parallel_gripper,"[""ZONE_TABLE2_ASSEMBLY""]",RES-000085-MOTION-ORDER_002_U02_INSTALL_FIN_03,0,2,MATERIAL_READY,33,839.9999999997838,"[""ASSEMBLY""]",TABLE2_ASSEMBLY,SUCCEEDED,已完成,"[""ORDER_002_U02_PICK_FIN_04"", ""ORDER_002_U02_INSPECT_FINS""]",ORDER_002_U02_INSTALL_FIN_03,INSTALL_FIN,tray_02,ORDER_002_UNIT_02
FIXTURE,0.0,工件2 · 目标夹紧力20牛,压梁压紧翅片,"[""FIXTURE""]",2.0,,503.4500000000802,"{""minimum_clearance_m"": 0.04, ""sample_interval_m"": 0.01, ""time_sample_s"": 0.02}",NEST_B,ORDER_001,"{""target_force_n"": 20.0, ""force_hold_duration_s"": 1.5}","[""ORDER_001_U02_INSTALL_PRESS""]",5,501.45000000007974,,,"[""ZONE_TABLE2_ASSEMBLY""]",,0,0,ASSEMBLY_READY,41,501.45000000007974,"[""ASSEMBLY""]",TABLE2_ASSEMBLY,SUCCEEDED,已完成,"[""ORDER_001_U02_LOCK_FIXTURE""]",ORDER_001_U02_APPLY_PRESS,APPLY_PRESS,tray_02,ORDER_001_UNIT_02
ARM1,0.0,工件2 · 翅片4,夹取翅片,"[""ARM1""]",8.0,,858.0999999997673,"{""minimum_clearance_m"": 0.04, ""sample_interval_m"": 0.01, ""time_sample_s"": 0.02, ""lock_joint_indices"": [6]}",NEST_B,ORDER_002,"{""fin_id"": ""fin_04"", ""target_position"": [0.0, 0.045, 0.034]}","[""ORDER_002_U02_CONFIGURE_COMB"", ""ORDER_002_U02_PREPARE_FIN_TOOL"", ""ORDER_002_U02_INSTALL_FIN_03""]",3,850.0499999997746,,parallel_gripper,"[""ZONE_TABLE1""]",RES-000086-MOTION-ORDER_002_U02_PICK_FIN_04,0,2,MATERIAL_READY,34,850.0499999997746,[],,SUCCEEDED,已完成,"[""ORDER_002_U02_INSTALL_FIN_04""]",ORDER_002_U02_PICK_FIN_04,PICK_FIN,tray_02,ORDER_002_UNIT_02
FIXTURE,0.0,工件2,锁紧托盘夹具,"[""FIXTURE""]",1.0,,504.4500000000804,"{""minimum_clearance_m"": 0.04, ""sample_interval_m"": 0.01, ""time_sample_s"": 0.02}",NEST_B,ORDER_001,{},"[""ORDER_001_U02_APPLY_PRESS""]",5,503.4500000000802,,,"[""ZONE_TABLE2_ASSEMBLY""]",,0,0,ASSEMBLY_READY,42,503.4500000000802,"[""ASSEMBLY""]",TABLE2_ASSEMBLY,SUCCEEDED,已完成,"[""ORDER_001_U02_TRANSFER_OUT""]",ORDER_001_U02_LOCK_FIXTURE,LOCK_FIXTURE,tray_02,ORDER_001_UNIT_02
ARM1,0.0,工件2 · 翅片4,安装翅片,"[""ARM1""]",10.0,,868.1499999997582,"{""minimum_clearance_m"": 0.04, ""sample_interval_m"": 0.01, ""time_sample_s"": 0.02, ""lock_joint_indices"": [6]}",NEST_B,ORDER_002,"{""fin_id"": ""fin_04"", ""target_position"": [0.0, 0.045, 0.034]}","[""ORDER_002_U02_PICK_FIN_04""]",3,858.0999999997673,,parallel_gripper,"[""ZONE_TABLE2_ASSEMBLY""]",RES-000087-MOTION-ORDER_002_U02_INSTALL_FIN_04,0,2,MATERIAL_READY,35,858.0999999997673,"[""ASSEMBLY""]",TABLE2_ASSEMBLY,SUCCEEDED,已完成,"[""ORDER_002_U02_INSPECT_FINS""]",ORDER_002_U02_INSTALL_FIN_04,INSTALL_FIN,tray_02,ORDER_002_UNIT_02
OUTFEED,0.0,工件2,托盘输送至升降台,"[""OUTFEED""]",4.0,,508.45000000008133,"{""minimum_clearance_m"": 0.04, ""sample_interval_m"": 0.01, ""time_sample_s"": 0.02}",NEST_B,ORDER_001,{},"[""ORDER_001_U02_LOCK_FIXTURE""]",5,504.4500000000804,,,"[""ZONE_OUTFEED""]",,0,1,,43,504.4500000000804,[],,SUCCEEDED,已完成,"[""ORDER_001_U02_MOVE_ELEVATOR""]",ORDER_001_U02_TRANSFER_OUT,TRANSFER_TRAY_OUT,tray_02,ORDER_001_UNIT_02
ARM3,0.0,工件2,检测翅片安装,"[""ARM3""]",10.0,,878.199999999749,"{""minimum_clearance_m"": 0.04, ""sample_interval_m"": 0.01, ""time_sample_s"": 0.02}",NEST_B,ORDER_002,"{""fin_ids"": [""fin_01"", ""fin_02"", ""fin_03"", ""fin_04""]}","[""ORDER_002_U02_INSTALL_FIN_01"", ""ORDER_002_U02_INSTALL_FIN_02"", ""ORDER_002_U02_INSTALL_FIN_03"", ""ORDER_002_U02_INSTALL_FIN_04""]",3,868.1499999997582,,,"[""ZONE_TABLE2_ASSEMBLY""]",RES-000088-MOTION-ORDER_002_U02_INSPECT_FINS,0,2,MATERIAL_READY,36,868.1499999997582,"[""ASSEMBLY""]",TABLE2_ASSEMBLY,SUCCEEDED,已完成,"[""ORDER_002_U02_FETCH_PRESS""]",ORDER_002_U02_INSPECT_FINS,INSPECT_FINS,tray_02,ORDER_002_UNIT_02
ELEVATOR,0.0,工件2 · 第2层,升降台对准层位,"[""ELEVATOR""]",4.0,,512.4500000000817,"{""minimum_clearance_m"": 0.04, ""sample_interval_m"": 0.01, ""time_sample_s"": 0.02}",NEST_B,ORDER_001,"{""layer_index"": 1, ""height_m"": 0.151}","[""ORDER_001_U02_TRANSFER_OUT""]",5,508.45000000008133,,,"[""ZONE_ELEVATOR_TRANSFER""]",,0,1,,44,508.45000000008133,[],,SUCCEEDED,已完成,"[""ORDER_001_U02_LOAD_RACK""]",ORDER_001_U02_MOVE_ELEVATOR,MOVE_ELEVATOR,tray_02,ORDER_001_UNIT_02
CHANGEOVER_GANTRY,0.0,工件2,龙门取出短压梁,"[""CHANGEOVER_GANTRY""]",2.0,,880.2499999997472,{},NEST_B,ORDER_002,{},"[""ORDER_002_U02_INSPECT_FINS""]",3,878.199999999749,,,"[""ZONE_CHANGEOVER_GANTRY""]",,0,0,ASSEMBLY_READY,104,878.199999999749,[],TABLE2_ASSEMBLY,SUCCEEDED,已完成,"[""ORDER_002_U02_INSTALL_PRESS""]",ORDER_002_U02_FETCH_PRESS,FETCH_PRESS_MODULE,tray_02,ORDER_002_UNIT_02
TRANSFER_FORK,0.0,工件2 · 第2层,推叉装入炉内料架,"[""TRANSFER_FORK""]",5.0,,517.5000000000771,"{""minimum_clearance_m"": 0.04, ""sample_interval_m"": 0.01, ""time_sample_s"": 0.02}",NEST_B,ORDER_001,"{""layer_index"": 1, ""height_m"": 0.151}","[""ORDER_001_U02_MOVE_ELEVATOR""]",5,512.4500000000817,,,"[""ZONE_RACK_FRONT"", ""ZONE_FURNACE_LOADING""]",,0,1,,45,512.4500000000817,[],,SUCCEEDED,已完成,"[""ORDER_001_U02_LOCK_RACK""]",ORDER_001_U02_LOAD_RACK,LOAD_RACK_LAYER,tray_02,ORDER_001_UNIT_02
CHANGEOVER_GANTRY,0.0,工件2,安装两根短压梁,"[""CHANGEOVER_GANTRY""]",2.5,,882.7999999997448,{},NEST_B,ORDER_002,{},"[""ORDER_002_U02_FETCH_PRESS""]",3,880.2499999997472,,,"[""ZONE_TABLE2_ASSEMBLY"", ""ZONE_CHANGEOVER_GANTRY""]",,0,0,ASSEMBLY_READY,105,880.2499999997472,[],TABLE2_ASSEMBLY,SUCCEEDED,已完成,"[""ORDER_002_U02_APPLY_PRESS""]",ORDER_002_U02_INSTALL_PRESS,INSTALL_PRESS_MODULE,tray_02,ORDER_002_UNIT_02
RACK_LAYER_02,0.0,工件2 · 第2层,锁定炉内料架层,"[""RACK_LAYER_02""]",1.0,,518.5500000000761,"{""minimum_clearance_m"": 0.04, ""sample_interval_m"": 0.01, ""time_sample_s"": 0.02}",NEST_B,ORDER_001,"{""layer_index"": 1, ""height_m"": 0.151}","[""ORDER_001_U02_LOAD_RACK""]",5,517.5000000000771,,,"[""ZONE_RACK_FRONT""]",,0,0,,46,517.5000000000771,[],,SUCCEEDED,已完成,"[""ORDER_001_BATCH_READY""]",ORDER_001_U02_LOCK_RACK,LOCK_RACK_LAYER,tray_02,ORDER_001_UNIT_02
FIXTURE,0.0,工件2 · 目标夹紧力18牛,压梁压紧翅片,"[""FIXTURE""]",2.0,,884.849999999743,"{""minimum_clearance_m"": 0.04, ""sample_interval_m"": 0.01, ""time_sample_s"": 0.02}",NEST_B,ORDER_002,"{""target_force_n"": 18.0, ""force_hold_duration_s"": 1.5}","[""ORDER_002_U02_INSTALL_PRESS""]",3,882.7999999997448,,,"[""ZONE_TABLE2_ASSEMBLY""]",,0,0,ASSEMBLY_READY,37,882.7999999997448,"[""ASSEMBLY""]",TABLE2_ASSEMBLY,SUCCEEDED,已完成,"[""ORDER_002_U02_LOCK_FIXTURE""]",ORDER_002_U02_APPLY_PRESS,APPLY_PRESS,tray_02,ORDER_002_UNIT_02
FURNACE,0.0,全部计划托盘已锁定,确认炉批装载完成,"[""FURNACE""]",0.0,,518.6000000000761,{},,ORDER_001,{},"[""ORDER_001_U01_LOCK_RACK"", ""ORDER_001_U02_LOCK_RACK""]",5,518.5500000000761,,,"[""ZONE_FURNACE_LOADING""]",,0,0,,79,518.5500000000761,[],,SUCCEEDED,已完成,"[""ORDER_001_RUN_FURNACE""]",ORDER_001_BATCH_READY,BATCH_READY,,ORDER_001_BATCH
FIXTURE,0.0,工件2,锁紧托盘夹具,"[""FIXTURE""]",1.0,,885.899999999742,"{""minimum_clearance_m"": 0.04, ""sample_interval_m"": 0.01, ""time_sample_s"": 0.02}",NEST_B,ORDER_002,{},"[""ORDER_002_U02_APPLY_PRESS""]",3,884.849999999743,,,"[""ZONE_TABLE2_ASSEMBLY""]",,0,0,ASSEMBLY_READY,38,884.849999999743,"[""ASSEMBLY""]",TABLE2_ASSEMBLY,SUCCEEDED,已完成,"[""ORDER_002_U02_TRANSFER_OUT""]",ORDER_002_U02_LOCK_FIXTURE,LOCK_FIXTURE,tray_02,ORDER_002_UNIT_02
FURNACE,0.0,钎焊周期10秒,执行炉内钎焊,"[""FURNACE""]",10.0,,528.6500000000669,{},,ORDER_001,"{""recipe"": ""demo_brazing"", ""duration_s"": 10.0}","[""ORDER_001_BATCH_READY""]",5,518.6000000000761,,,"[""ZONE_FURNACE_LOADING""]",,0,0,,80,518.6000000000761,[],,SUCCEEDED,已完成,"[""ORDER_001_U02_UNLOAD_RACK"", ""ORDER_001_U01_UNLOAD_RACK""]",ORDER_001_RUN_FURNACE,RUN_FURNACE,,ORDER_001_BATCH
OUTFEED,0.0,工件2,托盘输送至升降台,"[""OUTFEED""]",4.0,,889.9499999997383,"{""minimum_clearance_m"": 0.04, ""sample_interval_m"": 0.01, ""time_sample_s"": 0.02}",NEST_B,ORDER_002,{},"[""ORDER_002_U02_LOCK_FIXTURE""]",3,885.899999999742,,,"[""ZONE_OUTFEED""]",,0,1,,39,885.899999999742,[],,SUCCEEDED,已完成,"[""ORDER_002_U02_MOVE_ELEVATOR"", ""ORDER_002_SWAP_RETURN_FINAL""]",ORDER_002_U02_TRANSFER_OUT,TRANSFER_TRAY_OUT,tray_02,ORDER_002_UNIT_02
ELEVATOR,0.0,工件2 · 第2层,从料架卸载托盘,"[""ELEVATOR"", ""TRANSFER_FORK""]",6.0,,534.7000000000614,{},,ORDER_001,"{""layer_index"": 1, ""height_m"": 0.151}","[""ORDER_001_RUN_FURNACE""]",5,528.6500000000669,,,"[""ZONE_RACK_FRONT"", ""ZONE_ELEVATOR_TRANSFER""]",,0,1,,81,528.6500000000669,[],,SUCCEEDED,已完成,"[""ORDER_001_U02_POST_INSPECT"", ""ORDER_001_U01_UNLOAD_RACK""]",ORDER_001_U02_UNLOAD_RACK,UNLOAD_RACK_LAYER,tray_02,ORDER_001_UNIT_02
ELEVATOR,0.0,工件2 · 第2层,升降台对准层位,"[""ELEVATOR""]",4.0,,893.9999999997347,"{""minimum_clearance_m"": 0.04, ""sample_interval_m"": 0.01, ""time_sample_s"": 0.02}",NEST_B,ORDER_002,"{""layer_index"": 1, ""height_m"": 0.151}","[""ORDER_002_U02_TRANSFER_OUT""]",3,889.9499999997383,,,"[""ZONE_ELEVATOR_TRANSFER""]",,0,1,,40,889.9499999997383,[],,SUCCEEDED,已完成,"[""ORDER_002_U02_LOAD_RACK""]",ORDER_002_U02_MOVE_ELEVATOR,MOVE_ELEVATOR,tray_02,ORDER_002_UNIT_02
TURNTABLE,0.0,当前工件 · 双巢位 · 180度同步换位,双巢位转台换位,"[""TURNTABLE""]",2.0,,891.9999999997365,"{""s_curve"": true, ""rotation_deg"": 180.0, ""settle_s"": 0.3}",,ORDER_002,{},"[""ORDER_002_U03_INSPECT_BRAZING"", ""ORDER_002_U02_TRANSFER_OUT""]",3,889.9499999997383,,,"[""ZONE_TABLE2_ASSEMBLY"", ""ZONE_TABLE2_PROCESS"", ""ZONE_TURNTABLE_SWEEP""]",,0,0,,94,889.9499999997383,"[""SYNCHRONOUS_NEST_SWAP""]",,SUCCEEDED,已完成,"[""ORDER_002_SWAP_RETURN_FINAL_VERIFY""]",ORDER_002_SWAP_RETURN_FINAL,ROTATE_TABLE2,,ORDER_002_TURNTABLE
ARM3,0.0,工件2,执行焊后检测,"[""ARM3""]",10.0,,544.7500000000523,{},,ORDER_001,{},"[""ORDER_001_U02_UNLOAD_RACK""]",5,534.7000000000614,,,"[""ZONE_OUTFEED""]",RES-000054-MOTION-ORDER_001_U02_POST_INSPECT,0,0,,82,534.7000000000614,[],,SUCCEEDED,已完成,"[""ORDER_001_U02_ROUTE_PASS"", ""ORDER_001_U02_ROUTE_REWORK_REQUIRED"", ""ORDER_001_U02_ROUTE_SCRAPPED""]",ORDER_001_U02_POST_INSPECT,POST_BRAZE_INSPECTION,tray_02,ORDER_001_UNIT_02
TRANSFER_FORK,0.0,工件1 · 第1层,从料架卸载托盘,"[""ELEVATOR"", ""TRANSFER_FORK""]",6.0,,540.7500000000559,{},,ORDER_001,"{""layer_index"": 0, ""height_m"": 0.0}","[""ORDER_001_RUN_FURNACE"", ""ORDER_001_U02_UNLOAD_RACK""]",5,534.7000000000614,,,"[""ZONE_RACK_FRONT"", ""ZONE_ELEVATOR_TRANSFER""]",,0,1,,86,534.7000000000614,[],,SUCCEEDED,已完成,"[""ORDER_001_U01_POST_INSPECT""]",ORDER_001_U01_UNLOAD_RACK,UNLOAD_RACK_LAYER,tray_01,ORDER_001_UNIT_01
TRANSFER_FORK,0.0,工件2 · 第2层,推叉装入炉内料架,"[""TRANSFER_FORK""]",5.0,,899.0499999997301,"{""minimum_clearance_m"": 0.04, ""sample_interval_m"": 0.01, ""time_sample_s"": 0.02}",NEST_B,ORDER_002,"{""layer_index"": 1, ""height_m"": 0.151}","[""ORDER_002_U02_MOVE_ELEVATOR""]",3,893.9999999997347,,,"[""ZONE_RACK_FRONT"", ""ZONE_FURNACE_LOADING""]",,0,1,,41,893.9999999997347,[],,SUCCEEDED,已完成,"[""ORDER_002_U02_LOCK_RACK""]",ORDER_002_U02_LOAD_RACK,LOAD_RACK_LAYER,tray_02,ORDER_002_UNIT_02
TURNTABLE,0.0,当前工件 · 双巢位 · 180度同步换位,确认转台停稳对位,"[""TURNTABLE""]",0.3,,892.3499999997362,{},,ORDER_002,{},"[""ORDER_002_SWAP_RETURN_FINAL""]",3,891.9999999997365,,,"[""ZONE_TURNTABLE_SWEEP""]",,0,0,,95,891.9999999997365,[],,SUCCEEDED,已完成,"[""ORDER_002_U03_FETCH_COMB""]",ORDER_002_SWAP_RETURN_FINAL_VERIFY,VERIFY_TURNTABLE,,ORDER_002_TURNTABLE
OUTFEED,0.0,工件2 · 按焊后检测结果执行,合格品分流,"[""OUTFEED""]",0.1,,544.9000000000522,{},,ORDER_001,"{""condition"": ""PASS""}","[""ORDER_001_U02_POST_INSPECT""]",5,544.7500000000523,,,"[""ZONE_OUTFEED""]",,0,0,,83,544.7500000000523,[],,SUCCEEDED,已完成,[],ORDER_001_U02_ROUTE_PASS,ROUTE_PASS,tray_02,ORDER_001_UNIT_02
,0.0,工件2 · 按焊后检测结果执行,返工品分流,"[""OUTFEED""]",0.1,,544.7500000000523,{},,ORDER_001,"{""condition"": ""REWORK_REQUIRED""}","[""ORDER_001_U02_POST_INSPECT""]",5,544.7500000000523,,,"[""ZONE_OUTFEED""]",,0,0,,84,,[],,CANCELLED,已取消,[],ORDER_001_U02_ROUTE_REWORK_REQUIRED,ROUTE_REWORK,tray_02,ORDER_001_UNIT_02
,0.0,工件2 · 按焊后检测结果执行,报废品分流,"[""OUTFEED""]",0.1,,544.7500000000523,{},,ORDER_001,"{""condition"": ""SCRAPPED""}","[""ORDER_001_U02_POST_INSPECT""]",5,544.7500000000523,,,"[""ZONE_OUTFEED""]",,0,0,,85,,[],,CANCELLED,已取消,[],ORDER_001_U02_ROUTE_SCRAPPED,ROUTE_SCRAP,tray_02,ORDER_001_UNIT_02
ARM3,0.0,工件1,执行焊后检测,"[""ARM3""]",10.0,,554.950000000043,{},,ORDER_001,{},"[""ORDER_001_U01_UNLOAD_RACK""]",5,540.7500000000559,,,"[""ZONE_OUTFEED""]",RES-000055-MOTION-ORDER_001_U01_POST_INSPECT,0,0,,87,544.9000000000522,[],,SUCCEEDED,已完成,"[""ORDER_001_U01_ROUTE_PASS"", ""ORDER_001_U01_ROUTE_REWORK_REQUIRED"", ""ORDER_001_U01_ROUTE_SCRAPPED""]",ORDER_001_U01_POST_INSPECT,POST_BRAZE_INSPECTION,tray_01,ORDER_001_UNIT_01
RACK_LAYER_02,0.0,工件2 · 第2层,锁定炉内料架层,"[""RACK_LAYER_02""]",1.0,,900.0999999997291,"{""minimum_clearance_m"": 0.04, ""sample_interval_m"": 0.01, ""time_sample_s"": 0.02}",NEST_B,ORDER_002,"{""layer_index"": 1, ""height_m"": 0.151}","[""ORDER_002_U02_LOAD_RACK""]",3,899.0499999997301,,,"[""ZONE_RACK_FRONT""]",,0,0,,42,899.0499999997301,[],,SUCCEEDED,已完成,"[""ORDER_002_BATCH_READY""]",ORDER_002_U02_LOCK_RACK,LOCK_RACK_LAYER,tray_02,ORDER_002_UNIT_02
CHANGEOVER_GANTRY,0.0,工件3 · comb_insert_30mm,龙门取出梳齿模块,"[""CHANGEOVER_GANTRY""]",2.5,,894.8999999997338,{},NEST_A,ORDER_002,"{""module_name"": ""comb_insert_30mm""}","[""ORDER_002_SWAP_RETURN_FINAL_VERIFY""]",3,892.3499999997362,,,"[""ZONE_TABLE2_ASSEMBLY"", ""ZONE_CHANGEOVER_GANTRY""]",,0,0,MATERIAL_READY,106,892.3499999997362,[],TABLE2_ASSEMBLY,SUCCEEDED,已完成,"[""ORDER_002_U03_INSTALL_COMB""]",ORDER_002_U03_FETCH_COMB,FETCH_COMB,tray_03,ORDER_002_UNIT_03
OUTFEED,0.0,工件1 · 按焊后检测结果执行,合格品分流,"[""OUTFEED""]",0.1,,555.1000000000429,{},,ORDER_001,"{""condition"": ""PASS""}","[""ORDER_001_U01_POST_INSPECT""]",5,554.950000000043,,,"[""ZONE_OUTFEED""]",,0,0,,88,554.950000000043,[],,SUCCEEDED,已完成,[],ORDER_001_U01_ROUTE_PASS,ROUTE_PASS,tray_01,ORDER_001_UNIT_01
,0.0,工件1 · 按焊后检测结果执行,返工品分流,"[""OUTFEED""]",0.1,,554.950000000043,{},,ORDER_001,"{""condition"": ""REWORK_REQUIRED""}","[""ORDER_001_U01_POST_INSPECT""]",5,554.950000000043,,,"[""ZONE_OUTFEED""]",,0,0,,89,,[],,CANCELLED,已取消,[],ORDER_001_U01_ROUTE_REWORK_REQUIRED,ROUTE_REWORK,tray_01,ORDER_001_UNIT_01
,0.0,工件1 · 按焊后检测结果执行,报废品分流,"[""OUTFEED""]",0.1,,554.950000000043,{},,ORDER_001,"{""condition"": ""SCRAPPED""}","[""ORDER_001_U01_POST_INSPECT""]",5,554.950000000043,,,"[""ZONE_OUTFEED""]",,0,0,,90,,[],,CANCELLED,已取消,[],ORDER_001_U01_ROUTE_SCRAPPED,ROUTE_SCRAP,tray_01,ORDER_001_UNIT_01
CHANGEOVER_GANTRY,0.0,工件3 · comb_insert_30mm,安装前后梳齿模块,"[""CHANGEOVER_GANTRY""]",3.0,,897.9499999997311,{},NEST_A,ORDER_002,"{""module_name"": ""comb_insert_30mm""}","[""ORDER_002_U03_FETCH_COMB""]",3,894.8999999997338,,,"[""ZONE_TABLE2_ASSEMBLY"", ""ZONE_CHANGEOVER_GANTRY""]",,0,0,MATERIAL_READY,107,894.8999999997338,[],TABLE2_ASSEMBLY,SUCCEEDED,已完成,"[""ORDER_002_U03_VERIFY_COMB""]",ORDER_002_U03_INSTALL_COMB,INSTALL_COMB,tray_03,ORDER_002_UNIT_03
CHANGEOVER_GANTRY,0.0,工件3 · comb_insert_30mm,验证梳齿模块锁定,"[""CHANGEOVER_GANTRY""]",0.5,,898.4999999997306,{},NEST_A,ORDER_002,"{""module_name"": ""comb_insert_30mm""}","[""ORDER_002_U03_INSTALL_COMB""]",3,897.9499999997311,,,"[""ZONE_TABLE2_ASSEMBLY"", ""ZONE_CHANGEOVER_GANTRY""]",,0,0,MATERIAL_READY,108,897.9499999997311,[],TABLE2_ASSEMBLY,SUCCEEDED,已完成,"[""ORDER_002_U03_CONFIGURE_COMB""]",ORDER_002_U03_VERIFY_COMB,VERIFY_COMB,tray_03,ORDER_002_UNIT_03
FIXTURE,0.0,工件3 · 30毫米梳齿模块,安装梳齿夹具,"[""FIXTURE""]",2.0,,900.5499999997287,"{""minimum_clearance_m"": 0.04, ""sample_interval_m"": 0.01, ""time_sample_s"": 0.02}",NEST_A,ORDER_002,"{""comb_module_name"": ""comb_insert_30mm""}","[""ORDER_002_U03_VERIFY_COMB""]",3,898.4999999997306,,,"[""ZONE_TABLE2_ASSEMBLY""]",,0,0,MATERIAL_READY,48,898.4999999997306,"[""ASSEMBLY""]",TABLE2_ASSEMBLY,SUCCEEDED,已完成,"[""ORDER_002_U03_PICK_FIN_01"", ""ORDER_002_U03_PICK_FIN_02"", ""ORDER_002_U03_PICK_FIN_03"", ""ORDER_002_U03_PICK_FIN_04""]",ORDER_002_U03_CONFIGURE_COMB,CONFIGURE_COMB,tray_03,ORDER_002_UNIT_03
ARM1,0.0,工件3 · 翅片1,夹取翅片,"[""ARM1""]",8.0,,908.5999999997214,"{""minimum_clearance_m"": 0.04, ""sample_interval_m"": 0.01, ""time_sample_s"": 0.02, ""lock_joint_indices"": [6]}",NEST_A,ORDER_002,"{""fin_id"": ""fin_01"", ""target_position"": [0.0, -0.045, 0.034]}","[""ORDER_002_U03_CONFIGURE_COMB"", ""ORDER_002_U03_PREPARE_FIN_TOOL""]",3,900.5499999997287,,parallel_gripper,"[""ZONE_TABLE1""]",RES-000089-MOTION-ORDER_002_U03_PICK_FIN_01,0,2,MATERIAL_READY,49,900.5499999997287,[],,SUCCEEDED,已完成,"[""ORDER_002_U03_INSTALL_FIN_01""]",ORDER_002_U03_PICK_FIN_01,PICK_FIN,tray_03,ORDER_002_UNIT_03
ARM1,0.0,工件3 · 翅片1,安装翅片,"[""ARM1""]",10.0,,918.6499999997122,"{""minimum_clearance_m"": 0.04, ""sample_interval_m"": 0.01, ""time_sample_s"": 0.02, ""lock_joint_indices"": [6]}",NEST_A,ORDER_002,"{""fin_id"": ""fin_01"", ""target_position"": [0.0, -0.045, 0.034]}","[""ORDER_002_U03_PICK_FIN_01""]",3,908.5999999997214,,parallel_gripper,"[""ZONE_TABLE2_ASSEMBLY""]",RES-000090-MOTION-ORDER_002_U03_INSTALL_FIN_01,0,2,MATERIAL_READY,50,908.5999999997214,"[""ASSEMBLY""]",TABLE2_ASSEMBLY,SUCCEEDED,已完成,"[""ORDER_002_U03_PICK_FIN_02"", ""ORDER_002_U03_INSPECT_FINS""]",ORDER_002_U03_INSTALL_FIN_01,INSTALL_FIN,tray_03,ORDER_002_UNIT_03
ARM1,0.0,工件3 · 翅片2,夹取翅片,"[""ARM1""]",8.0,,926.6999999997049,"{""minimum_clearance_m"": 0.04, ""sample_interval_m"": 0.01, ""time_sample_s"": 0.02, ""lock_joint_indices"": [6]}",NEST_A,ORDER_002,"{""fin_id"": ""fin_02"", ""target_position"": [0.0, -0.015, 0.034]}","[""ORDER_002_U03_CONFIGURE_COMB"", ""ORDER_002_U03_PREPARE_FIN_TOOL"", ""ORDER_002_U03_INSTALL_FIN_01""]",3,918.6499999997122,,parallel_gripper,"[""ZONE_TABLE1""]",RES-000091-MOTION-ORDER_002_U03_PICK_FIN_02,0,2,MATERIAL_READY,51,918.6499999997122,[],,SUCCEEDED,已完成,"[""ORDER_002_U03_INSTALL_FIN_02""]",ORDER_002_U03_PICK_FIN_02,PICK_FIN,tray_03,ORDER_002_UNIT_03
ARM1,0.0,工件3 · 翅片2,安装翅片,"[""ARM1""]",10.0,,936.7499999996958,"{""minimum_clearance_m"": 0.04, ""sample_interval_m"": 0.01, ""time_sample_s"": 0.02, ""lock_joint_indices"": [6]}",NEST_A,ORDER_002,"{""fin_id"": ""fin_02"", ""target_position"": [0.0, -0.015, 0.034]}","[""ORDER_002_U03_PICK_FIN_02""]",3,926.6999999997049,,parallel_gripper,"[""ZONE_TABLE2_ASSEMBLY""]",RES-000092-MOTION-ORDER_002_U03_INSTALL_FIN_02,0,2,MATERIAL_READY,52,926.6999999997049,"[""ASSEMBLY""]",TABLE2_ASSEMBLY,SUCCEEDED,已完成,"[""ORDER_002_U03_PICK_FIN_03"", ""ORDER_002_U03_INSPECT_FINS""]",ORDER_002_U03_INSTALL_FIN_02,INSTALL_FIN,tray_03,ORDER_002_UNIT_03
ARM1,0.0,工件3 · 翅片3,夹取翅片,"[""ARM1""]",8.0,,944.7999999996885,"{""minimum_clearance_m"": 0.04, ""sample_interval_m"": 0.01, ""time_sample_s"": 0.02, ""lock_joint_indices"": [6]}",NEST_A,ORDER_002,"{""fin_id"": ""fin_03"", ""target_position"": [0.0, 0.015, 0.034]}","[""ORDER_002_U03_CONFIGURE_COMB"", ""ORDER_002_U03_PREPARE_FIN_TOOL"", ""ORDER_002_U03_INSTALL_FIN_02""]",3,936.7499999996958,,parallel_gripper,"[""ZONE_TABLE1""]",RES-000093-MOTION-ORDER_002_U03_PICK_FIN_03,0,2,MATERIAL_READY,53,936.7499999996958,[],,SUCCEEDED,已完成,"[""ORDER_002_U03_INSTALL_FIN_03""]",ORDER_002_U03_PICK_FIN_03,PICK_FIN,tray_03,ORDER_002_UNIT_03
ARM1,0.0,工件3 · 翅片3,安装翅片,"[""ARM1""]",10.0,,954.8499999996793,"{""minimum_clearance_m"": 0.04, ""sample_interval_m"": 0.01, ""time_sample_s"": 0.02, ""lock_joint_indices"": [6]}",NEST_A,ORDER_002,"{""fin_id"": ""fin_03"", ""target_position"": [0.0, 0.015, 0.034]}","[""ORDER_002_U03_PICK_FIN_03""]",3,944.7999999996885,,parallel_gripper,"[""ZONE_TABLE2_ASSEMBLY""]",RES-000094-MOTION-ORDER_002_U03_INSTALL_FIN_03,0,2,MATERIAL_READY,54,944.7999999996885,"[""ASSEMBLY""]",TABLE2_ASSEMBLY,SUCCEEDED,已完成,"[""ORDER_002_U03_PICK_FIN_04"", ""ORDER_002_U03_INSPECT_FINS""]",ORDER_002_U03_INSTALL_FIN_03,INSTALL_FIN,tray_03,ORDER_002_UNIT_03
ARM1,0.0,工件3 · 翅片4,夹取翅片,"[""ARM1""]",8.0,,962.899999999672,"{""minimum_clearance_m"": 0.04, ""sample_interval_m"": 0.01, ""time_sample_s"": 0.02, ""lock_joint_indices"": [6]}",NEST_A,ORDER_002,"{""fin_id"": ""fin_04"", ""target_position"": [0.0, 0.045, 0.034]}","[""ORDER_002_U03_CONFIGURE_COMB"", ""ORDER_002_U03_PREPARE_FIN_TOOL"", ""ORDER_002_U03_INSTALL_FIN_03""]",3,954.8499999996793,,parallel_gripper,"[""ZONE_TABLE1""]",RES-000095-MOTION-ORDER_002_U03_PICK_FIN_04,0,2,MATERIAL_READY,55,954.8499999996793,[],,SUCCEEDED,已完成,"[""ORDER_002_U03_INSTALL_FIN_04""]",ORDER_002_U03_PICK_FIN_04,PICK_FIN,tray_03,ORDER_002_UNIT_03
ARM1,0.0,工件3 · 翅片4,安装翅片,"[""ARM1""]",10.0,,972.9499999996629,"{""minimum_clearance_m"": 0.04, ""sample_interval_m"": 0.01, ""time_sample_s"": 0.02, ""lock_joint_indices"": [6]}",NEST_A,ORDER_002,"{""fin_id"": ""fin_04"", ""target_position"": [0.0, 0.045, 0.034]}","[""ORDER_002_U03_PICK_FIN_04""]",3,962.899999999672,,parallel_gripper,"[""ZONE_TABLE2_ASSEMBLY""]",RES-000096-MOTION-ORDER_002_U03_INSTALL_FIN_04,0,2,MATERIAL_READY,56,962.899999999672,"[""ASSEMBLY""]",TABLE2_ASSEMBLY,SUCCEEDED,已完成,"[""ORDER_002_U03_INSPECT_FINS""]",ORDER_002_U03_INSTALL_FIN_04,INSTALL_FIN,tray_03,ORDER_002_UNIT_03
ARM3,0.0,工件3,检测翅片安装,"[""ARM3""]",10.0,,982.9999999996537,"{""minimum_clearance_m"": 0.04, ""sample_interval_m"": 0.01, ""time_sample_s"": 0.02}",NEST_A,ORDER_002,"{""fin_ids"": [""fin_01"", ""fin_02"", ""fin_03"", ""fin_04""]}","[""ORDER_002_U03_INSTALL_FIN_01"", ""ORDER_002_U03_INSTALL_FIN_02"", ""ORDER_002_U03_INSTALL_FIN_03"", ""ORDER_002_U03_INSTALL_FIN_04""]",3,972.9499999996629,,,"[""ZONE_TABLE2_ASSEMBLY""]",RES-000097-MOTION-ORDER_002_U03_INSPECT_FINS,0,2,MATERIAL_READY,57,972.9499999996629,"[""ASSEMBLY""]",TABLE2_ASSEMBLY,SUCCEEDED,已完成,"[""ORDER_002_U03_FETCH_PRESS""]",ORDER_002_U03_INSPECT_FINS,INSPECT_FINS,tray_03,ORDER_002_UNIT_03
CHANGEOVER_GANTRY,0.0,工件3,龙门取出短压梁,"[""CHANGEOVER_GANTRY""]",2.0,,985.0499999996518,{},NEST_A,ORDER_002,{},"[""ORDER_002_U03_INSPECT_FINS""]",3,982.9999999996537,,,"[""ZONE_CHANGEOVER_GANTRY""]",,0,0,ASSEMBLY_READY,109,982.9999999996537,[],TABLE2_ASSEMBLY,SUCCEEDED,已完成,"[""ORDER_002_U03_INSTALL_PRESS""]",ORDER_002_U03_FETCH_PRESS,FETCH_PRESS_MODULE,tray_03,ORDER_002_UNIT_03
CHANGEOVER_GANTRY,0.0,工件3,安装两根短压梁,"[""CHANGEOVER_GANTRY""]",2.5,,987.5999999996495,{},NEST_A,ORDER_002,{},"[""ORDER_002_U03_FETCH_PRESS""]",3,985.0499999996518,,,"[""ZONE_TABLE2_ASSEMBLY"", ""ZONE_CHANGEOVER_GANTRY""]",,0,0,ASSEMBLY_READY,110,985.0499999996518,[],TABLE2_ASSEMBLY,SUCCEEDED,已完成,"[""ORDER_002_U03_APPLY_PRESS""]",ORDER_002_U03_INSTALL_PRESS,INSTALL_PRESS_MODULE,tray_03,ORDER_002_UNIT_03
FIXTURE,0.0,工件3 · 目标夹紧力18牛,压梁压紧翅片,"[""FIXTURE""]",2.0,,989.6499999996477,"{""minimum_clearance_m"": 0.04, ""sample_interval_m"": 0.01, ""time_sample_s"": 0.02}",NEST_A,ORDER_002,"{""target_force_n"": 18.0, ""force_hold_duration_s"": 1.5}","[""ORDER_002_U03_INSTALL_PRESS""]",3,987.5999999996495,,,"[""ZONE_TABLE2_ASSEMBLY""]",,0,0,ASSEMBLY_READY,58,987.5999999996495,"[""ASSEMBLY""]",TABLE2_ASSEMBLY,SUCCEEDED,已完成,"[""ORDER_002_U03_LOCK_FIXTURE""]",ORDER_002_U03_APPLY_PRESS,APPLY_PRESS,tray_03,ORDER_002_UNIT_03
FIXTURE,0.0,工件3,锁紧托盘夹具,"[""FIXTURE""]",1.0,,990.6999999996467,"{""minimum_clearance_m"": 0.04, ""sample_interval_m"": 0.01, ""time_sample_s"": 0.02}",NEST_A,ORDER_002,{},"[""ORDER_002_U03_APPLY_PRESS""]",3,989.6499999996477,,,"[""ZONE_TABLE2_ASSEMBLY""]",,0,0,ASSEMBLY_READY,59,989.6499999996477,"[""ASSEMBLY""]",TABLE2_ASSEMBLY,SUCCEEDED,已完成,"[""ORDER_002_U03_TRANSFER_OUT""]",ORDER_002_U03_LOCK_FIXTURE,LOCK_FIXTURE,tray_03,ORDER_002_UNIT_03
OUTFEED,0.0,工件3,托盘输送至升降台,"[""OUTFEED""]",4.0,,994.749999999643,"{""minimum_clearance_m"": 0.04, ""sample_interval_m"": 0.01, ""time_sample_s"": 0.02}",NEST_A,ORDER_002,{},"[""ORDER_002_U03_LOCK_FIXTURE""]",3,990.6999999996467,,,"[""ZONE_OUTFEED""]",,0,1,,60,990.6999999996467,[],,SUCCEEDED,已完成,"[""ORDER_002_U03_MOVE_ELEVATOR""]",ORDER_002_U03_TRANSFER_OUT,TRANSFER_TRAY_OUT,tray_03,ORDER_002_UNIT_03
ELEVATOR,0.0,工件3 · 第3层,升降台对准层位,"[""ELEVATOR""]",4.0,,998.7999999996393,"{""minimum_clearance_m"": 0.04, ""sample_interval_m"": 0.01, ""time_sample_s"": 0.02}",NEST_A,ORDER_002,"{""layer_index"": 2, ""height_m"": 0.302}","[""ORDER_002_U03_TRANSFER_OUT""]",3,994.749999999643,,,"[""ZONE_ELEVATOR_TRANSFER""]",,0,1,,61,994.749999999643,[],,SUCCEEDED,已完成,"[""ORDER_002_U03_LOAD_RACK""]",ORDER_002_U03_MOVE_ELEVATOR,MOVE_ELEVATOR,tray_03,ORDER_002_UNIT_03
TRANSFER_FORK,0.0,工件3 · 第3层,推叉装入炉内料架,"[""TRANSFER_FORK""]",5.0,,1003.8499999996347,"{""minimum_clearance_m"": 0.04, ""sample_interval_m"": 0.01, ""time_sample_s"": 0.02}",NEST_A,ORDER_002,"{""layer_index"": 2, ""height_m"": 0.302}","[""ORDER_002_U03_MOVE_ELEVATOR""]",3,998.7999999996393,,,"[""ZONE_RACK_FRONT"", ""ZONE_FURNACE_LOADING""]",,0,1,,62,998.7999999996393,[],,SUCCEEDED,已完成,"[""ORDER_002_U03_LOCK_RACK""]",ORDER_002_U03_LOAD_RACK,LOAD_RACK_LAYER,tray_03,ORDER_002_UNIT_03
RACK_LAYER_03,0.0,工件3 · 第3层,锁定炉内料架层,"[""RACK_LAYER_03""]",1.0,,1004.8999999996338,"{""minimum_clearance_m"": 0.04, ""sample_interval_m"": 0.01, ""time_sample_s"": 0.02}",NEST_A,ORDER_002,"{""layer_index"": 2, ""height_m"": 0.302}","[""ORDER_002_U03_LOAD_RACK""]",3,1003.8499999996347,,,"[""ZONE_RACK_FRONT""]",,0,0,,63,1003.8499999996347,[],,SUCCEEDED,已完成,"[""ORDER_002_BATCH_READY""]",ORDER_002_U03_LOCK_RACK,LOCK_RACK_LAYER,tray_03,ORDER_002_UNIT_03
FURNACE,0.0,全部计划托盘已锁定,确认炉批装载完成,"[""FURNACE""]",0.0,,1004.9499999996337,{},,ORDER_002,{},"[""ORDER_002_U01_LOCK_RACK"", ""ORDER_002_U02_LOCK_RACK"", ""ORDER_002_U03_LOCK_RACK""]",3,1004.8999999996338,,,"[""ZONE_FURNACE_LOADING""]",,0,0,,111,1004.8999999996338,[],,SUCCEEDED,已完成,"[""ORDER_002_RUN_FURNACE""]",ORDER_002_BATCH_READY,BATCH_READY,,ORDER_002_BATCH
FURNACE,0.0,钎焊周期10秒,执行炉内钎焊,"[""FURNACE""]",10.0,,1014.9999999996246,{},,ORDER_002,"{""recipe"": ""demo_brazing"", ""duration_s"": 10.0}","[""ORDER_002_BATCH_READY""]",3,1004.9499999996337,,,"[""ZONE_FURNACE_LOADING""]",,0,0,,112,1004.9499999996337,[],,SUCCEEDED,已完成,"[""ORDER_002_U03_UNLOAD_RACK"", ""ORDER_002_U02_UNLOAD_RACK"", ""ORDER_002_U01_UNLOAD_RACK""]",ORDER_002_RUN_FURNACE,RUN_FURNACE,,ORDER_002_BATCH
ELEVATOR,0.0,工件3 · 第3层,从料架卸载托盘,"[""ELEVATOR"", ""TRANSFER_FORK""]",6.0,,1021.0499999996191,{},,ORDER_002,"{""layer_index"": 2, ""height_m"": 0.302}","[""ORDER_002_RUN_FURNACE""]",3,1014.9999999996246,,,"[""ZONE_RACK_FRONT"", ""ZONE_ELEVATOR_TRANSFER""]",,0,1,,113,1014.9999999996246,[],,SUCCEEDED,已完成,"[""ORDER_002_U03_POST_INSPECT"", ""ORDER_002_U02_UNLOAD_RACK""]",ORDER_002_U03_UNLOAD_RACK,UNLOAD_RACK_LAYER,tray_03,ORDER_002_UNIT_03
ARM3,0.0,工件3,执行焊后检测,"[""ARM3""]",10.0,,1031.09999999961,{},,ORDER_002,{},"[""ORDER_002_U03_UNLOAD_RACK""]",3,1021.0499999996191,,,"[""ZONE_OUTFEED""]",RES-000098-MOTION-ORDER_002_U03_POST_INSPECT,0,0,,114,1021.0499999996191,[],,SUCCEEDED,已完成,"[""ORDER_002_U03_ROUTE_PASS"", ""ORDER_002_U03_ROUTE_REWORK_REQUIRED"", ""ORDER_002_U03_ROUTE_SCRAPPED""]",ORDER_002_U03_POST_INSPECT,POST_BRAZE_INSPECTION,tray_03,ORDER_002_UNIT_03
TRANSFER_FORK,0.0,工件2 · 第2层,从料架卸载托盘,"[""ELEVATOR"", ""TRANSFER_FORK""]",6.0,,1027.0999999996136,{},,ORDER_002,"{""layer_index"": 1, ""height_m"": 0.151}","[""ORDER_002_RUN_FURNACE"", ""ORDER_002_U03_UNLOAD_RACK""]",3,1021.0499999996191,,,"[""ZONE_RACK_FRONT"", ""ZONE_ELEVATOR_TRANSFER""]",,0,1,,118,1021.0499999996191,[],,SUCCEEDED,已完成,"[""ORDER_002_U02_POST_INSPECT"", ""ORDER_002_U01_UNLOAD_RACK""]",ORDER_002_U02_UNLOAD_RACK,UNLOAD_RACK_LAYER,tray_02,ORDER_002_UNIT_02
OUTFEED,0.0,工件3 · 按焊后检测结果执行,合格品分流,"[""OUTFEED""]",0.1,,1031.1999999996099,{},,ORDER_002,"{""condition"": ""PASS""}","[""ORDER_002_U03_POST_INSPECT""]",3,1031.09999999961,,,"[""ZONE_OUTFEED""]",,0,0,,115,1031.09999999961,[],,SUCCEEDED,已完成,[],ORDER_002_U03_ROUTE_PASS,ROUTE_PASS,tray_03,ORDER_002_UNIT_03
,0.0,工件3 · 按焊后检测结果执行,返工品分流,"[""OUTFEED""]",0.1,,1031.09999999961,{},,ORDER_002,"{""condition"": ""REWORK_REQUIRED""}","[""ORDER_002_U03_POST_INSPECT""]",3,1031.09999999961,,,"[""ZONE_OUTFEED""]",,0,0,,116,,[],,CANCELLED,已取消,[],ORDER_002_U03_ROUTE_REWORK_REQUIRED,ROUTE_REWORK,tray_03,ORDER_002_UNIT_03
,0.0,工件3 · 按焊后检测结果执行,报废品分流,"[""OUTFEED""]",0.1,,1031.09999999961,{},,ORDER_002,"{""condition"": ""SCRAPPED""}","[""ORDER_002_U03_POST_INSPECT""]",3,1031.09999999961,,,"[""ZONE_OUTFEED""]",,0,0,,117,,[],,CANCELLED,已取消,[],ORDER_002_U03_ROUTE_SCRAPPED,ROUTE_SCRAP,tray_03,ORDER_002_UNIT_03
ARM3,0.0,工件2,执行焊后检测,"[""ARM3""]",10.0,,1041.2499999996007,{},,ORDER_002,{},"[""ORDER_002_U02_UNLOAD_RACK""]",3,1027.0999999996136,,,"[""ZONE_OUTFEED""]",RES-000099-MOTION-ORDER_002_U02_POST_INSPECT,0,0,,119,1031.1999999996099,[],,SUCCEEDED,已完成,"[""ORDER_002_U02_ROUTE_PASS"", ""ORDER_002_U02_ROUTE_REWORK_REQUIRED"", ""ORDER_002_U02_ROUTE_SCRAPPED""]",ORDER_002_U02_POST_INSPECT,POST_BRAZE_INSPECTION,tray_02,ORDER_002_UNIT_02
ELEVATOR,0.0,工件1 · 第1层,从料架卸载托盘,"[""ELEVATOR"", ""TRANSFER_FORK""]",6.0,,1033.149999999608,{},,ORDER_002,"{""layer_index"": 0, ""height_m"": 0.0}","[""ORDER_002_RUN_FURNACE"", ""ORDER_002_U02_UNLOAD_RACK""]",3,1027.0999999996136,,,"[""ZONE_RACK_FRONT"", ""ZONE_ELEVATOR_TRANSFER""]",,0,1,,123,1027.0999999996136,[],,SUCCEEDED,已完成,"[""ORDER_002_U01_POST_INSPECT""]",ORDER_002_U01_UNLOAD_RACK,UNLOAD_RACK_LAYER,tray_01,ORDER_002_UNIT_01
OUTFEED,0.0,工件2 · 按焊后检测结果执行,合格品分流,"[""OUTFEED""]",0.1,,1041.3499999996006,{},,ORDER_002,"{""condition"": ""PASS""}","[""ORDER_002_U02_POST_INSPECT""]",3,1041.2499999996007,,,"[""ZONE_OUTFEED""]",,0,0,,120,1041.2499999996007,[],,SUCCEEDED,已完成,[],ORDER_002_U02_ROUTE_PASS,ROUTE_PASS,tray_02,ORDER_002_UNIT_02
,0.0,工件2 · 按焊后检测结果执行,返工品分流,"[""OUTFEED""]",0.1,,1041.2499999996007,{},,ORDER_002,"{""condition"": ""REWORK_REQUIRED""}","[""ORDER_002_U02_POST_INSPECT""]",3,1041.2499999996007,,,"[""ZONE_OUTFEED""]",,0,0,,121,,[],,CANCELLED,已取消,[],ORDER_002_U02_ROUTE_REWORK_REQUIRED,ROUTE_REWORK,tray_02,ORDER_002_UNIT_02
,0.0,工件2 · 按焊后检测结果执行,报废品分流,"[""OUTFEED""]",0.1,,1041.2499999996007,{},,ORDER_002,"{""condition"": ""SCRAPPED""}","[""ORDER_002_U02_POST_INSPECT""]",3,1041.2499999996007,,,"[""ZONE_OUTFEED""]",,0,0,,122,,[],,CANCELLED,已取消,[],ORDER_002_U02_ROUTE_SCRAPPED,ROUTE_SCRAP,tray_02,ORDER_002_UNIT_02
ARM3,0.0,工件1,执行焊后检测,"[""ARM3""]",10.0,,1051.3999999995915,{},,ORDER_002,{},"[""ORDER_002_U01_UNLOAD_RACK""]",3,1033.149999999608,,,"[""ZONE_OUTFEED""]",RES-000100-MOTION-ORDER_002_U01_POST_INSPECT,0,0,,124,1041.3499999996006,[],,SUCCEEDED,已完成,"[""ORDER_002_U01_ROUTE_PASS"", ""ORDER_002_U01_ROUTE_REWORK_REQUIRED"", ""ORDER_002_U01_ROUTE_SCRAPPED""]",ORDER_002_U01_POST_INSPECT,POST_BRAZE_INSPECTION,tray_01,ORDER_002_UNIT_01
OUTFEED,0.0,工件1 · 按焊后检测结果执行,合格品分流,"[""OUTFEED""]",0.1,,1051.4999999995914,{},,ORDER_002,"{""condition"": ""PASS""}","[""ORDER_002_U01_POST_INSPECT""]",3,1051.3999999995915,,,"[""ZONE_OUTFEED""]",,0,0,,125,1051.3999999995915,[],,SUCCEEDED,已完成,[],ORDER_002_U01_ROUTE_PASS,ROUTE_PASS,tray_01,ORDER_002_UNIT_01
,0.0,工件1 · 按焊后检测结果执行,返工品分流,"[""OUTFEED""]",0.1,,1051.3999999995915,{},,ORDER_002,"{""condition"": ""REWORK_REQUIRED""}","[""ORDER_002_U01_POST_INSPECT""]",3,1051.3999999995915,,,"[""ZONE_OUTFEED""]",,0,0,,126,,[],,CANCELLED,已取消,[],ORDER_002_U01_ROUTE_REWORK_REQUIRED,ROUTE_REWORK,tray_01,ORDER_002_UNIT_01
,0.0,工件1 · 按焊后检测结果执行,报废品分流,"[""OUTFEED""]",0.1,,1051.3999999995915,{},,ORDER_002,"{""condition"": ""SCRAPPED""}","[""ORDER_002_U01_POST_INSPECT""]",3,1051.3999999995915,,,"[""ZONE_OUTFEED""]",,0,0,,127,,[],,CANCELLED,已取消,[],ORDER_002_U01_ROUTE_SCRAPPED,ROUTE_SCRAP,tray_01,ORDER_002_UNIT_01
